Film,Cast
Багровый пик,"Миа Васиковска, Джессика Честейн, Том Хиддлстон, Чарли Ханнэм, Джим Бивер, Берн Горман, Лесли Хоуп, Даг Джонс, Джонатан Хайд, Брюс Грэй, Фернандо Веласкес, Брандт Гордон, Кейт Хоули, Джеффри А. Мелвин, Шэйн Виё, Гильермо дель Торо, Бернат Вилаплана, Дан Лаустсен, Гильермо дель Торо, Каллум Грин, Джон Дж. Джашни, Томас Тулл, Наталья Терешкова, Наталья Грачёва, Сергей Смирнов, Евгений Вальц, Владимир Антоник, Гильермо дель Торо, Мэттью Роббинс"
Друг в океане,"Миа Васиковска, Рада Митчелл, Альберт Мванги, Ариэль Джой Донохью, Кларенс Джон Райан, Эрик Бана, Эрик Томсон, Элизабет Александр, Ильза Фогг, Эдди Бару, Найджел Уэстлейк, Луиз Брэйди, Лиен Си Леонг, Кристин Линч, Роберт Коннолли, Ник Мейерс, Эндрю Коммис, Рик Рифичи, Джеймс Ричард Бейлли, Эрик Бана, Татьяна Манетина, Татьяна Шитова, Никита Моисеев, Марфа Литвиненко, Антон Эльдаров, Роберт Коннолли, Тим Уинтон"
Тёмная дыра,"Ким Ок-пин, Ли Джун-хёк, Лим Вон-хи, Ким Бён-ги, Ким Хан-джон, О Ю-джин, Ким До-хун, Пак Кын-нок, Сон Сан-ын, Чан Сон-вон, Ким Бон-джу, Чон И-до"
Дорогая мама,"Рифка Лодейзен, Шахин Эль-Хамус, Гай Клеменс, Барри Атсма, Айко Бимстербер, Бьянка Кригсман, Уолт Клинк, Тарик Мори, Винсент ван дер Вэлк, Эргун Симсек, Александр Роймерс, Марион Бут, Эвелин Клейн Геббинк, Мишель Райчвайн, Эзра Реверда, Фемке Беннинк, Антуанетта Бёмер, Саша Крайнен, Аммемике ван Влит"
Сашка,"Анна Кошмал, Александр Давыдов, Дмитрий Лаленков, Сергей Романюк, Оксана Сташенко, Александр Лобанов, Ирина Мельник, Александр Суворов, Федор Гуринец, Константин Чернокрылюк, Руслана Заугольникова, Антон Гойда, Владимир Дяченко, Олег Маслов-Лисичкин, Татьяна Гнедаш, Артём Приходько, Татьяна Гнедаш"
Вверх по течению,"Ван Жуйчан, Ху Исюань, Чэнь Бохао, Ци Яньди, Ша Вэйци, Цзинь Юаньюань"
Пластилинки. Циферки,"Андрей Лёвин, Юлия Рудина, Михаил Черняк, Марианна Мокшина, Максим Сергеев, Ксения Бржезовская, Светлана Кузнецова, Сергей Суслин, Сергей Меринов, Сергей Меринов, Борис Машковцев, Сергей Меринов, Игорь Мельников"
Влюбленный скорпион,"Алекс Гонсалес, Джудит Диакате, Карлос Бардем, Мигель Анхель Сильвестре, Хавьер Бардем, Ховик Кеучкерян, Элио Сагуэс, Хавьер Мансебо, Досель Камана Гомбе, Хуан Карлос Вельидо, Воульфранк Санноу, Льоренс Микель, Мануэль Бонильо, Ирена Ортс, Сантьяго Занну, Фернандо Франко, Хауме Марти, Хуан Мигель Аспирос, Альваро Лонгория, Юрий Романов, Анна Еремина, Николай Шмаргун, Василий Марков, Юрий Овчинников, Сантьяго Занну, Карлос Бардем"
Комната желаний,"Ольга Куриленко, Кевин Янссенс, Джошуа Уилсон, Джон Фландерс, Френсис Чепмен, Винс Дрюс, Марианн Бург, Оскар Лесаж, Кэрол Уэйерс, Микаэль Кахья, Раф Кюнен, Магдалена Лабуз, Кристиан Волькман, Софи Фурдринуа, Рейнольд Капурро, Жак-Анри Бронкар, Оливье Бронкар, Лилиан Эш, Летиция Гонзалез, Анастасия Лапина, Сергей Смирнов, Степан Студилов, Никита Прозоровский, Филипп Лебедев, Сабрина Карин, Винсент Равалек, Кристиан Волькман"
Художник,"Андрей Смоляков, Александр Горбатов, Дарья Урсуляк, Александр Устюгов, Сергей Газаров, Марина Александрова, Андрей Мерзликин, Виктор Добронравов, Кирилл Зайцев, Светлана Колпакова, Андрей Тимонин, Светлана Вольтер, Екатерина Невейницына, Тимур Алпатов, Азамат Ерматов, Игорь Репин, Юрий Кокошкин, Юлия Сумачева, Тимур Вайнштейн, Антон Златопольский, Дмитрий Ланской, Савва Минаев, Евгений Керов, Александр Олейников"
Italian Best Shorts 4: Истории нашей жизни,"Джанлука Зонта, Андреа Делла Моника, Вито Пальмиери, Вито Палумбо"
Лимитчицы,"Валерия Федорович, Маруся Климова, Надежда Лумпова, Алексей Демидов, Михаил Евланов, Владимир Кошевой, Екатерина Кобба, Ольга Лапшина, Сергей Городничий, Юрий Межевич, Владимир Юстус, Артур Гладков, Татьяна Орлова, Ольга Доброва-Куликова, Рубен Шахбазянц, Илья Неретин, Ольга Ермакова, Ольга Шевченко"
Валерия,"Диана Гомес, Сильма Лопес, Паула Малия, Тереса Риотт, Макси Иглесиас, Хуанлу Гонсалес, Ибрахим Аль Шами Дж., Айтор Луна, Лорен МакФол, Федерико Агуадо, Хосе Виллар, Лаура Куэста, Инма Торренте, Нели Регера, Анхель Армада, Кристина Гарсия Аллер, Исабель Альварес де Моралес, Джонни Йебра, Сесар Бенитес, Мария Сервера, Мария Лопез Кастаньо, Монтанья Марчена, Марина Перез, Аврора Грация"
Всевидящее око,"Уоррен Кристи, Эми Акер, Джон Майкл Экер, Алайя Ройял, Лекс Лампкин, Келли Бишоп, Барака Рахмани, Грэйс Кауфман, Брэд Карсгор, Эми Фраззини, Андреа Дероше, Сэм Хиггинс, Джеффри Рейнер, Патрисия Кардосо, Чарисса Санджарернсуитхикуль, Скотт ван Бивер, Луиз Иннес, Брайан Бил, Луис Колина, Скотт Уильямс, Джей Фезер, Ребекка Кирш, Ленн К. Розенфельд, Джули Дерк, Эмили Фокс"
Остров,"Ким Нам-гиль, Ли Да-хи, Чха Ын-у, Сон Джун, Ко Ду-щим, О Гван-нок, Пак Кын-хён, Чон Гук-хван, Чон Джон-иль, Ли Сун-вон, Пак Пэ-джон, Чан Джон-до, Чан Юн-ми, О Бо-хён, Ян Гён-иль, Юн Ин-ван"
Стэн и Олли,"Стив Куган, Джон Си Райли, Ширли Хендерсон, Нина Арианда, Руфус Джонс, Дэнни Хьюстон, Пепе Балдеррама, Джон Хеншоу, Кит Макферсон, Рольф Кент, Дэвид Хиндл, Астрид Зибен, Гай Сперанса, Клаудия Паркер, Джон С. Бейрд, Уна Ни Гонила, Билли Снеддон, Лори Роуз, Фэй Уорд, Кларк Крейв, Кейт Фасуло, Энди Харрис, Джефф Поуп"
Следственный отдел старичков-красавчиков,"Ли Сун-джэ, Пён Хи-бон, Чан Гван, Ким Хи-чхоль, Ким Ын-су, Ли Ги-у, Пак Ын-джи, Ким Бён-сэ, Ким Бён-чхун, Пак Хё-джу, Ким Джин-ён, Мун Сон-хи, Ю Нам-гён"
Кошка,"Анастасия Тодореску, Вадим Андреев, Владимир Капустин, Екатерина Вилкова, Павел Чинарёв, Анатолий Белый, Даниил Воробьев, Алёна Хмельницкая, Ульяна Пилипенко, Ирина Воронова, Денис Дубовик, Елизавета Гришина, Карен Оганесян, Игорь Отдельнов, Яков Башта, Эдуард Илоян, Виталий Шляппо, Денис Жалинский, Алексей Троцюк, Сергей Востриков, Павел Косов"
91 день,"Такаси Кондо, Такуя Эгути, Даисукэ Оно, Сома Саито, Котаро Нисияма, Юити Накамура, Такахиро Сакурай, Кэндзиро Цуда, Кадзухиро Ямадзи, Аяка Асаи, Сёго Каида, Хиромаса Огура, Ватару Нисидзава, Сюнсукэ Сакаи, Томохиро Киси, Хиро Кабураги, Томоко Хирамуки, Котоми Дэаи, Масаюки Иимура, Даисукэ Имаи, Ёсики Обата, Хитоси Тамура, Тэцуя Кавада, Ёсихиро Сэкия, Тосио Иидзука, Тосихиро Маэда, Хиро Маруяма, Хиро Кабураги, Юитиро Кидо, Таку Кисимото"
Против солнца,"Гаррет Диллахант, Том Фелтон, Джейк Эйбел, Надя Парра, Куинтон Флинн, Пол Миллс, Тони Перес, Марк Петерсон, Тони Перес, Брайан Питер Фальк, Шон Албертсон, Петр Кикхарт, Марк Моран, Брайан Питер Фальк, Луиза Гомес де Силва, Курт Грэйвер, Брайан Питер Фальк, Марк Дэвид Кигэн"
Ганнибал,"Мадс Миккельсен, Хью Дэнси, Лоренс Фишбёрн, Кэрелин Деверне, Лара Джин Хоростецки, Джиллиан Андерсон, Скотт Томпсон, Аарон Абрамс, Эттьенн Пак, Кейси Рол, Брайан Райцелл, Рори Чейн, Брэд Милберн, Питер Эмминк, Мишель Брэйди, Майкл Раймер, Гильермо Наварро, Винченцо Натали, Дэвид Слэйд, Майкл Доэрти, Стивен Филипсон, Бен Уилкинсон, Арт Джонс, Джеймс Хокинсон, Карим Хуссэйн, Майкл Маршалл, Марта Де Лаурентис, Сидони Дюма, Элиза Рот, Брайан Фуллер, Джефф Влэминг, Ник Антоска, Дон Манчини, Джесси Александр"
Italian Best Shorts 3: Итальянские фантазии,"Джулио Мастромауро, Массимо Лои, Джанлука Манджашутти, Лаура Лукетти"
Иванов,"Дмитрий Фалькович, Алексей Спицин, Сергей Моисеев, Ованес Погосян, Федор Киселевич, Илья Демичев, Дмитрий Фалькович, Жорж Лешаптуа, Дмитрий Фалькович"
Чародей равновесия. Тайна Сухаревой башни,"Прохор Чеховской, Ольга Шорохова, Диомид Виноградов, Александр Тараньжин, Станислав Дужников, Вадим Демчог, Алла Санникова, Сергей Габриэлян, Алексей Емцов, Алексей Иващенко, Дмитрий Рыбников, Сергей Серёгин, Сергей Серёгин, Александр Герасимов, Мария Дроздова, Сергей Серёгин, Елена Габец, Анатолий Вологдин"
Томми,"Иди Фалько, Майкл Чернус, Аделаида Клеменс, Расселл Дж. Джонс, Оливия Люси Филлип, Владимир Каамано, Тони Патано, Томас Садоски, Джозеф Лайл Тейлор, Саша Даймонд, Ной Сорота, У.Г. Снаффи Уолден, Гонсало Кордоба, Сюзанн МакКейб, Аманда Кэрролл, Кристин Мур, Сара Пиа Андерсон, Адам Аркин, Кейт Дэннис, Аллисон С. Джонсон, Карен Сим, Алек Смайт, Алан Коуди, Крейг ДиБона, Пол Аттанасио, Стефен Белбер, Джилл Е. Блотвогел, Карл Капоторто, Пол Аттанасио, Стефен Белбер, Джилл Е. Блотвогел"
Любовь без участия,"Эмили Кинни, Джон Рирдон, Хейли Сэйлс, Луиза Д’Оливера, Патрик Сабонгуй, Виктор Зинк, Джеймс Кирк, Джейсон Шомбинг, Марси Т. Хаус, Джефф Тойн, Таня Липке, Тамара Готье, Терри Ингрэм, Джеймс Илесич, Адам Сливиньский, Харви Кан, Андреа Бэйнес, Бет Гроссбард, Реджина Дэвис, Дебра Риччи"
Спасение,"Мадс Миккельсен, Ева Грин, Джеффри Дин Морган, Эрик Кантона, Микаэл Персбрандт, Дуглас Хеншэлл, Майкл Рэймонд-Джеймс, Джонатан Прайс, Александр Арнольд, Нанна Оланд Фабрициус, Каспер Виндинг, Чантал Картер, Дайана Силлерс, Аннеке Бота, Кристиан Левринг, Пернилла Беч Кристенсен, Енс Шлоссер, Сиссе Граум Йоргенсен, Джессика Аск, Майк Оре, Карен Бентзон, Илья Исаев, Сергей Чихачёв, Артем Маликов, Денис Беспалый, Кирилл Туранский, Андерс Томас Йенсен, Кристиан Левринг"
Агашки по вызову 2: Начало,"Жан Байжанбаев, Олжас Альжанов, Асель Акбарова, Динара Сатжан, Ерболат Алкожа, Жанкош Тураров, Рано Умарова, Дильназ Ахмадиева, Рустем Жаныаманов, Ерлан Примбетов, Абай Акбаев, Никита Годин, Ален Ниязбеков, Канат Мырзагалиев, Ерлан Бухарбаев, Бибижамал Бекенова, Акбота Кайсенова, Нуржан Еркинулы, Медет Калибеков"
Бесконечный Дендрограм,"Сома Саито, Юко Оно, Ёко Хикаса, Сатоси Хино, Макото Коити, Нао Тояма, Томоки Кобаяси"
Толкачи,"Маор Леви, Ишай Лалуш, Агам Озальво, Имри Битон, Михал Леви, Бат-Хен Пур, Гай Балила, Шай Канот, Амит Гинтон, Итамар Голдвассер, Рои Фараг, Боаз Йехонатан Йааков, Ротем Ярон, Хагит Асулин, Йоав Гросс, Гай Балила, Элад Битон"
Венецианский детектив,"Джузеппе Баттистон, Раде Шербеджия, Лиз Солари, Теко Селио, Роберто Читран, Сильвия д’Амико, Бабак Карими, Мирко Артусо, Джизелла Буринато, Паоло Чиони, Тео Теардо, Андреа Каваллетто, Антонио Падован, Паоло Коттиньола, Массимо Москин, Валентина Дзанелла, Никола Федригони, Алессия Гатти, Фульвио Эрвас, Антонио Падован, Марко Петтенелло"
Про любовь,"Рената Литвинова, Михаил Ефремов, Мария Шалаева, Василий Ракша, Юлия Снигирь, Владимир Машков, Алексей Филимонов, Евгений Цыганов, Александра Бортич, Мария Данилюк, Дмитрий Емельянов, Анна Чистова, Анна Меликян, Михаил Игонин, Дмитрий Корабельников, Роман Ермолаев, Федор Лясс, Анна Меликян, Валерия Козловская, Андрей Мигачев, Анна Меликян, Владислав Малахов"
Петсон и Финдус 2. Лучшее на свете Рождество,"Али Самади Ахади, Али Н. Аскин, Макс Хербрехтер, Штефан Курт, Али Н. Аскин, Беатрикс Альбль, Али Самади Ахади, Андреа Мертенс, Матиас Нойманн, Томас Шпрингер, Хельмут Вебер, Кристоф Арни, Ульф Израэль, Томас Шпрингер, Свен Нордквист"
Банда Чикаго,"Патрик Шварценеггер, Жиль Джиари, Хэйли Лоу, Алекс Петтифер, Майкл Шеннон, Оливер Купер, Джейкоб Александр, Лесли Энн Уоррен, Кейт Линдер, Али Фриман, Дара Тейлор, Анна Хейес, Сет Савой, Дин Гонзалез, Кен О’Кифи, Карлос Верон, Лукас Джарач, Шон Каплан, Джеймс Ленджер, Келли Ми Ли, Глеб Глушенков, Глеб Гаврилов, Татьяна Абрамова, Антон Эльдаров, Александр Груздев, Кевин Бернхардт, Джейсон Миллер, Сет Савой"
Перелом,"Сэм Уортингтон, Лили Рэйб, Люси Капри, Аджоа Андох, Стивен Тоболовски, Лорен Кокрейн, Шэйн Дин, Крис Сигурдсон, Чад Брюс, Гэбриел Дэниелс, Антон Санко, Режан Лябри, Сандра Сок, Брэд Андерсон, Роберт Мид, Бьёрн Чарпентье, Йен Димерман, Нил Эдельштейн, Катрин Фаррелл, Билли Хиггинс, Алан Б. МакЭлрой"
Не будем прощаться,"Стефани Кайо, Макси Иглесиас, Венди Рамос, Висенте Вергара, Рената Флорес, Майелья Льоклья, Эрик Уильямс, Мигель Валладарес, Роксана Ривера"
Тини: Новая жизнь Виолетты,"Мартина Штоссель, Хорхе Бланко, Адриан Сальседо, Мерседес Ламбре, Диего Рамос, Клара Алонсо, София Карсон, Леонардо Чекки, Риддер ван Кутен, Федерико Хусид, Федерико Гамберо, Массимо Паулетто, Конни Бальдуцци, Лолес Гарсия Галеан, Алессия Анфузо, Анка Рафан, Хуан Пабло Бускарини, Пабло Мари, Йосу Инчаустеги, Агустин Босси, Пабло Босси, Рикардо Марко Буде, Рамон Саласар"
Волшебник,"Семён Трескунов, Максим Суханов, Ангелина Стречина, Ирина Купченко, Владимир Капустин, Ирина Яковлева, Иван Охлобыстин, Сергей Чонишвили, Сергей Аброскин, Екатерина Маликова, Михаил Морсков, Артем Федотов, Анна Шмидт, Михаил Морсков, Денис Першин, Бинке Анисимов, Ибрагим Магомедов, Владимир Маслов, Мурад Омаров, Сергей Чихачёв, Евгений Хазов, Михаил Морсков"
Сын ветра,"Наман Джайн, Митхун Чакраборти, Самир Чандра, Крутика Део, Гурав Дривэди, Джеффри Голдберг, Аюшманн Кхурана, Вишал Бхарадвадж, Мангеш Дхакде, Аюшманн Кхурана, Рочак Кохли, Вибху Пури, Шан Мохаммед, Савита Сингх, Уманг Агарвал, Вики Бхатия, Саурабх Бхаве, Вибху Пури"
Зла не существует,"Жила Шахи, Бэран Расулоф, Бардия Ядегари, Мохаммад Расулоф, Асхан Асхани, Кавех Фарнам, Мохаммад Расулоф, Кристоф Токе, Мохаммад Расулоф"
Моё первое чудо,"Шон Патрик Флэнери, Джейсон Лондон, Куинтон Аарон, Валери Крус, Мэттью Раух, Хуан Кастано, Косондра Сьорстром, Шэд Гаспар, Джессика Черняк, Катя Мартин, Руди Луна, Руди Луна, Алан Макинтайр Смит, Джордан Йейл Ливайн, Руди Луна, Цейтель Абрего, Лесли Кимино, Руди Луна"
Бэкстром,"Рэйн Уилсон, Женевьева Энджелсон, Пейдж Кеннеди, Деннис Хейсберт, Кристоффер Полаха, Томас Деккер, Беатрис Розен, Сара Чок, Ризван Манжи, Адам Бич, Джэми Форсайт, Шон Коллери, Шеннон Гроувер, Питер Очотта, Мишель Хантер, Синтия Энн Саммерс, Кевин Хукс, Джейс Александр, Сара Пиа Андерсон, Адам Аркин, Финниан Мюррэй, Лизе Джонсон, Стив Раш, Джон М. Валерио, Стивен МакНатт, Кевин МакНайт, Джош Леви, Курт Мориц, Джеймс О, Эли Атти, Эли Атти, Джо Хортуа, Эндрю Миллер, Карин Розенталь"
Аквамен,"Джейсон Момоа, Эмбер Хёрд, Уиллем Дефо, Патрик Уилсон, Николь Кидман, Дольф Лундгрен, Яхья Абдул-Матин II, Темуэра Моррисон, Луди Линь, Майкл Бич, Руперт Грегсон-Уильямс, Билл Бут, Ричард Хоббс, Юджин Интас, Мишель МакГэхи, Дезма Мерфи, Ким Барретт, Даниэль Берман, Беверли Данн, Джеймс Ван, Кирк М. Морри, Дон Бёрджесс, Хадиджа Алами, Джон Берг, Роб Кауэн, Уолтер Хамада, Денис Шведов, Полина Кузьминская, Владимир Паляница, Сергей Смирнов, Елена Харитонова, Дэвид Лесли Джонсон-Макголдрик, Пол Норрис, Морт Вейзингер, Уилл Билл"
Особенный,"Райан О’Коннелл, Джессика Хехт, Пунам Патель, Патрик Фабиан, Август Прю, Макс Дженкинс, Джина Мари Хьюз, Кристофер Ли Херод, Бак Эндрюс, Джошуа Мошер, Диз Йеппе, Александра Ландсберг, Крис Джаммальво, Эрин Брук, Анна Докоза, Крэйг Джонсон, Томас Калдерон, Тайчи Эрскин, Луис Колина, Джон Дэйгл, Филип Рой, Нэйтан М. Миллер, Росс М. Динерштейн, Колин Фредерик, Росс Джирард, Райан О’Коннелл, Лейла Кохан-Миччио"
Белый ягель,"Евгений Сангаджиев, Петр Баснаев, Должин Тангатова, Ефим Степанов, Николай Шумаров, Эржэна Буянтуева, Матрёна Корнилова, Жаргал Лодоев, Надежда Сэротэтто, Сергей Удовик, Святослав Курашов, Владимир Тумаев, Екатерина Гарькуша, Дмитрий Кувшинов, Светлана Дальская, Александр Литвинов, Владимир Меньшов, Светлана Кабанова, Валерий Бакиров, Савва Минаев"
Курьер,"Юн Чхан-ён, Пан Мин-а, Ким Мин-сок, Щин Ын-су, Ли Дон-гю, Пак Чи-ху, Кан Соль, Пак Тэ-хи, Чу Хё-джин"
Хэдшот,"Артем Кошман, Роман Курцын, Алёна Митрошина, Иван Непомнящий, Даниял Алисултанов, Василиса Перелыгина, Полина Кутепова, Ольга Смирнова, Александр Кудин, Егор Дрозд, Тео Тао, Татьяна Сударьянто, Владимир Битоков, Александр Чудинов, Эдуард Мошкович, Сергей Мелькумов, Наталья Коткова, Антон Токтонов, Иван Филиппов, Андрей Курганов, Никита Лазаренко"
Доктор Фрост,"Сон Чхан-и, Чон Ын-чхэ, Сон Джи-ру, Ли Юн-джи, Чхве Джон-у, Ли Ю-джин, Чон Ду-гём, Ю Гон, Ли Щи-ган, Чха Джу-ён, Сон Ён-иль, Хо Джи-ён, Ли Джон-бом"
Гражданин Х,"Леонид Невзлин, Борис Березовский, Игорь Малашенко, Антон Дрель, Татьяна Лысова, Алекс Гибни, Ларри Кинг, Дерк Соер, Айвор Гест, Алекс Гибни, Майкл Палмер, Марк Гарретт, Джон Батсек, Джордж Чигнелл, Эрин Эдейкен, Алекс Гибни, Алекс Гибни"
В глубине леса,"Филиппо Нигро, Камилла Филиппи, Джованни Веттораццо, Тео Акилле Каприо, Стефано Пьетро Детассис, Мария Виттория Баррелья, Роберто Гудезе, Лука Филиппи, Андреа Брунелло, Убер Беатрис, Риккардо Аморезе, Стефано Лодовичи, Роберто Ди Танна, Бенжамин Мэйер, Мануэла Каччьямани, Роберто Аморозо, Джованна Арата, Изабелла Агиллар, Стефано Лодовичи, Давид Орсини, Никола Лусуарди"
Дама с собачкой,"Елена Яковлева, Александр Балуев, Сергей Перегудов, Геннадий Смирнов, Ирина Таранник, Александр Дзюба, Любовь Германова, Кирилл Жиров, Елизавета Бугулова, Ольга Хохлова, Андрей Климинов, Ксения Орлова, Мирослав Малич, Андрей Капранов, Мурат Межиев, Василий Громов, Любовь Шаханова, Ксения Николаева"
Как ненавидеть тебя,"На Джэ-мин, Ким Джи-ин, Ли Джон-вон"
Про любовь,"Рената Литвинова, Михаил Ефремов, Мария Шалаева, Василий Ракша, Юлия Снигирь, Владимир Машков, Алексей Филимонов, Евгений Цыганов, Александра Бортич, Мария Данилюк, Дмитрий Емельянов, Анна Чистова, Анна Меликян, Михаил Игонин, Дмитрий Корабельников, Роман Ермолаев, Федор Лясс, Анна Меликян, Валерия Козловская, Андрей Мигачев, Анна Меликян, Владислав Малахов"
Всеведущий,"Карла Салль, Сандра Корвелони, Джонатан Хаагенсен, Гильерме Пратес, Луана Танака, Марселло Айрольди, Марку Антониу Памиу, Гуи Амабис, Хелена Мойра, Винисиус Мартинс, Тьяго Мелло, Педро Агилера"
Он сильнейший учитель!,"Тиа Линн Баллард, Доун Мишель Беннетт, Аарон Дисмьюк, Джаррод Грин, Моника Риал, Иен Синклер, Мика Солусод, Энтони Боулинг, Рюити Такада, Масато Сато"
Как украсть реку,"Ю Сын-хо, Чо Джэ-хён, Ко Чхан-сок, Ра Ми-ран, Сюмин, Чон Сок-хо, Со Е-джи, Ким Ён-пхиль, Ён У-джин, Чхве Гви-хва, Хван Сан-джун, Ким Джи-о, Юн Ми-ра, Пак Тэ-мин, Ким Сан-бом, Ким Джэ-бом, Ким Джон-джин, Ким Бон-со, Сок Тон-джун, Ким Тхэ-вон, Пак Тэ-мин"
Парижанка,"Александр Яценко, Элизабет Черепанова, Тимофей Рубцов, Петр Нестеров, Екатерина Соколова-Жубер, Сергей Гилев, Сергей Набирухин, Елена Чигвинцева, Марк Кондратенко, Дмитрий Шугайкин, Марта Эркенова, Алексей Соболев, Владислав Каптур, Михаил Хурсевич, Данил Голованов, Александр Хомич, Елена Чигвинцева, Юлия Гудкова, Алексей Соболев"
Когда прилетают черные птицы,"Дж.Д. Браун, Брэндон Слэгл, Деванни Пинн, Дэвид Фёрт, Руби ЛаРокка, Эрин Русс, Адам Брукс, Мэд Дэшил, Роджер Фишер, Уильям Хеллфайр, Мануш, Шон Мюррэй, Эрика Смит, М. Дот Стрэйндж, Сара Валентайн, Джимми Кример, М. Дот Стрэйндж, Джимми Кример, Джимми Кример, Руби ЛаРокка, Джимми Кример, Джимми Кример"
Вот был бы большим,"Илья Прозоров, Павел Носырев, Глеб Беляков, Николай Маковский, Михаил Яснов"
Форпост,"Скотт Иствуд, Калеб Лэндри Джонс, Орландо Блум, Джек Кеси, Кори Хардрикт, Майло Гибсон, Джейкоб Скипио, Тейлор Джон Смит, Джонатан Юнгер, Александр Арнольд, Ларри Груп, Иван Ранхелов, Анна Гелинова, Орлин Грозданов, Род Лури, Майкл Дж. Дути, Лоренцо Сенаторе, Боаз Дэвидсон, Марк Фридман, Михаил Данилюк, Евгений Лесничий, Олег Вирозуб, Дмитрий Гаврилов, Роман Черный, Пол Тэймеси, Эрик Джонсон, Джейк Таппер"
Охотницы,"Ха Джи-вон, Кан Е-вон, Сон Га-ин, Ко Чхан-сок, Пак Тон-бин, Чу Сан-ук, Ён Джун-вон, Сон Сэ-бёк, Юн Хи-вон, Ха Су-хо, Хван Сан-джун, Пак Чэ-хён, Стив М. Чхве, Кан Чхоль-гю, Ким Га-ён, Кан Чхоль-гю, Ким Ба-да"
Охота на ведьм,"Ингрид Больсё Бердаль, Кристиэн Сколмен, Аксель Боюм, Шарлотта Спакмо Боэ, Гар Б. Эйдсвольд, Мадс Оусдаль, Пребен Ходнеланд, Надер Хадеми, Кэролайн Глоумнс, Эллен Биргитте Уинтер, Йоханнес Ринген, Лизе Хиллкирк Олимб, Мари Нессет, Эва Сёрхёуг, Стайан Кристиансен, Пер-Эрик Эриксен, Томас Гротмол, Патрик Ларсгаард, Якоб Имгимундарсон, Торкел Риисе Свенсон, Йонас Аллен, Сесиль Аспенс, Анна Бахе-Вииг, Петер Бозе, Мария Цветкова-Овсянникова, Андрей Лёвин, Юрий Романов, Наталья Терешкова, Максим Сергеев, Анна Бахе-Вииг, Сив Райендрам"
Убийство в Авероне,"Флоранс Пернель, Венсан Винтеральтер, Элен Сёзаре, Франсуа Феролето, Жан-Пьер Бувье, Ив Коллиньон, Мишель Вуата, Жан-Пьер Беккер, Оливье Брун, Каролин Дюбуа, Фридерик Порте, Сесиль Дулак, Шушан Черпашьян, Клод-Мишель Ром, Стефани Махе, Бернар Деше, Морис Кантор, Рама Губар, Эрик Хойманн, Яна Смирнова, Игорь Тарадайкин, Василиса Воронина, Антон Эльдаров, Алексей Войтюк, Жан Фалькюлет, Эрик Хойманн"
Каждому своё,"Блейк Дженнер, Зои Дойч, Райан Гузман, Тайлер Хэклин, Уайатт Рассел, Глен Пауэлл, Уилл Бриттейн, Остин Амелио, Джастон Стрит, Темпл Бэйкер, Родни Бекер, Кари Перкинс, Габриэлла Вилларриал, Ричард Линклейтер, Сандра Адер, Шэйн Ф. Келли, Меган Эллисон, Ричард Линклейтер, Джинджер Следж, Шон Дэниэл, Станислав Тикунов, Анастасия Жаркова, Александр Гаврилин, Антон Савенков, Михаил Тихонов, Ричард Линклейтер"
Отжиг,"Джастис Смит, Шамеик Мур, Эрисен Ф. Гардиола, Скайлан Брукс, Тримейн Браун мл., Яхья Абдул-Матин II, Джимми Смитс, Джейден Смит, Ширли Родригес, Эллиотт Вилер, Кевин Рупник, Дерек Ванг, Хериана Сан Хуан, Катрин Мартин, Эдвард Бьянчи, Мак Уильямс, Эндрю Бернштейн, Майкл Диннер, Ванесса Прокопио, Джонатан Редмонд, Дебора Моран, Аллисон С. Джонсон, Уильям Рексер, Стивен Эдли Гуиргис, Джэми Бланк, Марни Хочман, Томас Келли, Аарон Рахсаан Томас, Сэм Бромелл"
Большое путешествие. Специальная доставка,"Диомид Виноградов, Станислав Стрелков, Филипп Лебедев, Ирина Киреева, Антон Эльдаров, Александр Гаврилин, Прохор Чеховской, Алексей Войтюк, Валерий Сторожик, Василиса Сорокина, Иван Урюпин, Антон Грызлов, Игорь Бабаев, Светлана Толстошеина, Василий Ровенский, Наталья Нилова, Эдуард Нуритдинов, Федор Мезенцев, Василий Ровенский, Роман Борисевич, Максим Рогальский, Василий Ровенский, Павел Виноградов"
Княжна из хрущевки,"Евгения Туркова, Станислав Бондаренко, Елена Панова, Дарья Калмыкова, Артем Артемьев, Сергей Неудачин, Ольга Дибцева, Тамара Спиричева, Диана Корсс, Валерий Кудашкин, Илья Меламед, Тимур Кабулов, Роман Ермолаев, Эдуард Мельников, Илья Неретин, Александр Кушаев, Ирина Кузнецова, Анастасия Щербакова, Мария Петрова, Татьяна Палей"
Юморист,"Алексей Агранович, Юрий Колокольников, Алиса Хазанова, Павел Ильин, Артем Волобуев, Полина Ауг, Семён Штейнберг, Вильма Кутавичюте, Ольга Дибцева, Даниэль Шифрин, Дэйв Мэйсон, Людмила Рыбалко, Михаил Идов, Александр Суркала, Артем Васильев, Андрей Савельев, Айя Берзина, Алиса Гельце, Михаил Идов, Лили Идова"
Фармацевт из параллельного мира,"Аки Тоёсаки, Рэина Уэда, Каэдэ Хондо, Кэндзи Номура, Гэнки Муро, Нобуо Тобита, Ю Вакабаяси, Мария Наганава, Сидзука Ито, Ватару Цуюдзаки, Томоясу Хосои, Кэидзо Кусакава, Ватару Ватари, Лиз Такаяма"
Когда время останавливается,"Ким Хён-джун, Ан Джи-хён, Ин Гё-джин, Чу Сок-тхэ, Лим Ха-рён, Ким Хан-джон, Ким Ян-у, Пэк Сан-хи, Чхве Хён-джу, Ли Гён-хун, Квак Пон-чхоль, Чи Хо-чжин"
Шоу Гэффигана,"Джим Гэффиган, Эшли Уильямс, Майкл Иэн Блэк, Кэйтлин Мюллер, Адам Голдберг, Кэмерон Сили, Тонгай Арнольд Чириса, Ванесса Аспильяга, Маколей Калкин, Кристофер А. Ли, Регги Уоттс, Мелисса Шакун, Жаклин Окнаян, Розмари Лепр, Дэниэл Лосон, Стивен К. Цутида, Питер Лоэр, Стюарт МакДональд, Тодд Бирман, Кайл Гилман, Марни Мейер, Агнес Грандитс, Вероника Рутледж, Нильс Элперт, Джо Кесслер, Тони Эрнандез, Майкл Уимер, Дэвид Бауш, Дженни Нот, Дженни Нот, Джим Гэффиган, Питер Толан"
Дуэт,"Тревор Фрейкер, Скот Блэквелл Стэффорд, Глен Кин, Зак Лайдон, Дженни Райм, Реджина Дуган, Кен Гэбриел"
Не отпускай,"Дэвид Ойелоуо, Сторм Рид, Майкелти Уильямсон, Альфред Молина, Брайан Тайри Генри, Шинель Азоро, Байрон Манн, Эйприл Грэйс, Омар Лейва, Саркис Нинос, Этан Голд, Крис Дэвис, Надин Хэйдерс, Брайан Каш, Джейкоб Аарон Эстес, Билли Фокс, Скотт Д. Хэнсон, Шэрон Мейр, Джейсон Блум, Бобби Коэн, Филлип Дейв, Дрю Дэйуолт, Иван Калинин, Лина Иванова, Андрей Гриневич, Антон Морозов, Сергей Пономарёв, Джейкоб Аарон Эстес, Дрю Дэйуолт"
Кисло-сладкий вкус любви,"Чан Ги-ён, Чхэ Су-бин, Кристал Чон, Ли У-джэ, Пак Чхоль-мин, Ли Гён-ён, Хван Джон-мин, Чон Хи-тхэ, Ан Гиль-ган, Ким Ми-гён, Пан Джун-сок, Ли На-гём, Чхве И-ён, Ли Ге-бёк, Хан Ми-ён, Ю Джи-сон, Пак Сэ-джун, Сон Да-сом, Ли Ге-бёк, Куруми Инуи"
Мама,"Ли Бо-ён, Хо Юль, Ли Хе-ён, Ко Сон-хи, Ли Джэ-юн, Ко Бо-гёль, Чон Хе-джин, Ким Ён-джэ, Ха Гён, Ли Джон-ёль, Ким Чхоль-гю, Чон Со-гён"
"Твой выход, детка!","Каролин Кебекус, Максим Мехмет, Арсений Бультман, Аксель Штайн, Ясмин Швирс, Патриша Миден, Людгер Пистор, Йохен Шропп, Джэйми Бик, Карим Себастьян Элиас, Анне Йендрицко, Свен Унтервальдт мл., Цац Монтана, Штефан Шух, Марк Конрад, Ян С. Кайзер, Георг Хёсс, Йенс-Фредерик Отто, Клаудиус Плагинг, Александр де Ла Пательер, Матьё Делапорт"
Исчезнувшая,"Анна Снаткина, Кирилл Гребенщиков, Данила Дунаев, Александр Константинов, Сергей Юшкевич, Тамара Акулова, Леонид Громов, Виктория Маслова, Галина Петрова, Петр Нестеров, Никита Чернов, Ольга Шак, Юсуп Разыков, Алексей Тёмный, Юрий Михайлишин, Наталья Клевцова, Юсуп Разыков"
Вакантна жизнь шеф-повара,"Пётр Фёдоров, Александр Обласов, Екатерина Молоховская, Надежда Жарычева, Виктор Вержбицкий, Алексей Колубков, Дмитрий Калязин, Виктор Проскурин, Вильма Кутавичюте, Руслан Легостаев, Артем Васильев, Дмитрий Мазуров, Дарья Гаузер, Николай Растимешин, Рустам Ильясов, Рустам Ильясов, Александр Соснов, Михаил Милашин, Федор Попов, Владимир Малышев, Ксения Вакулова, Рустам Ильясов, Алексей Захаров"
Рождённый для грусти,"Итан Хоук, Кармен Эджого, Каллум Кит Ренни, Тони Наппо, Стивен Макхэтти, Джанет-Лэйн Грин, Дэн Летт, Кедар Браун, Кевин Ханчард, Тони Нарди, Дэвид Брейд, Тодор Кобаков, Стив Лондон, Джоэль Ричардсон, Энн Диксон, Дэвид ЛеБрун, Роберт Будро, Дэвид Фриман, Стив Косенс, Роберт Будро, Леонард Фарлинджер, Дженнифер Йонас, Джэйк Сил, Роберт Будро"
ВИЧ в России,"Юрий Дудь, Юрий Дудь, Евгений Стаценко, Дмитрий Парёнкин"
Если мужчина любит,"Алперен Дуймаз, Бюшра Девели, Ясемин Аллен, Ягыз Джан Коньялы, Толга Гюлеч, Чары Чытанак, Эдже Оздикиджи, Аслы Сюмен, Джанан Озкан, Омюр Атай, Неджметтин Акдениз, Фарук Тургут, Аслы Зенгин"
Angry Birds. Стелла,"Хелья Хейккинен, Саара Лехтонен, Ринна Паатсо, Сари Мяллинен, Паула Весала, Антти Пяккенен, Антти Пяккенен, Дэвид Швайтцер, Вилле Рииппа, Кари Юуусонен, Меруан Салим, Эми Линдхольм, Дункан Рочфорт, Николас Стретта, Эндрю Уорд, Майкл Хэд, Улла Хунель, Стив Пеграм, Микко Пёлла, Бернис Вандерлаан, Анастасия Хайнцль, Эми Масс"
Тайна Лилит,"Александра Власова, Евгений Морозов, Илья Лыков, Ольга Павловец, Ольга Волкова, Алексей Коряков, Александра Каштанова, Андрей Ильин, Владимир Довжик, Марат Башаров, Владимир Осинский, Ежевика Спиркина, Алла Киреева, Александр Баранов, Сергей Краснов, Егор Анашкин, Максим Василенко, Александр Демьяненко, Константин Веремейчик, Ирина Смирнова-Бейнарович, Александр Кушаев, Михаил Дурненков, Алексей Илюшкин, Юлия Шалимова"
"Pepsi, где мой истребитель?","Джон Леонард, Тодд Хоффман, Майкл Патти, Линда Леонард, Майкл Дэвис, Майкл Авенатти, Чейз Десо, Саманта Корнетт, Эндрю Ренци, Эд Грин, Ренан Озтурк, Мэттью Уайз, Брэндон Беннетт, Ник Боак, Эндрю Коркин, Эндрю Фрид"
Так близко,"Шошанна Штерн, Кольт Праттс, Зак Гилфорд, Шерил Хайнс, Моше Кашер, Коллин Фой, Найл ДиМарко, Марли Мэтлин, Остин Николс, Брук Блэр, Уилл Блэр, Алекси Гомез, Рэйчел Феррара, Дженнифер Херриг, Эндрю Ан, Стивен Коун, Бриди Эллиотт, Жеро Бриссон, Патрик Лоуренс, Кейт Хикки, Брюс Тьерри Чун, Джуди Фу, Мэри Пэт Бентел, Вольфганг Хаммер, Джоэль Генри, Шошанна Штерн"
Джонас,"Феликс Марито, Николя Бовен, Ор Атика, Мари Денарно, Илиан Бергала, Давид Байот, Алекс Бопен, Марин Гальяно, Кристоф Шаррье, Стефани Дюмениль, Сандрин Брауэр, Мари Масмонтейл, Кристоф Шаррье"
На гребне волны,"Люк Брейси, Эдгар Рамирес, Рэй Уинстон, Тереза Палмер, Матиас Варела, Клеменс Шик, Тобиас Зантельман, Макс Тириот, Делрой Линдо, Николай Кински, Junkie XL, Михаэль Фисснайдер, Франческо Скандале, Ральф Шрек, Ана Соларес, Томми Фёгель, Лизи Кристль, Майкл Фечнер, Эриксон Кор, Джон Даффи, Джералд Б. Гринберг, Том Ноубл, Эриксон Кор, Питер Абрамс, Джон Балдеччи, Дэна Белкастро, Джон Бернард, Андрей Вальц, Александр Дзюба, Олег Куценко, Татьяна Шитова, Иван Калинин, Курт Уиммер, Рик Кинг, В. Питер Айлифф"
Трюкач,"Сергей Стрельников, Антон Хабаров, Леонид Бичевин, Виктор Добронравов, Нино Нинидзе, Юлия Галкина, Антон Феоктистов, Владимир Коренев, Георгий Бурджанадзе, Дмитрий Поднозов, Сергей Морозов, Людмила Морозова, Сергей Щербин, Владимир Воронин, Антон Вербин, Анатолий Чижиков, Наталья Чижикова, Сергей Куликов, Сергей Торчилин, Эдуард Володарский, Анатолий Чижиков, Елена Цвентух"
Коблик,"Рикардо Дарин, Оскар Мартинес, Инма Куэста, Федерико Хусид, Ниевес Монтерде, Себастьян Боренштейн, Пабло Бланко, Алехандро Каррилло Пенови, Роло Пульпейро, Себастьян Боренштейн, Агустин Босси, Пабло Босси, Хуан Пабло Бускарини, Себастьян Боренштейн, Алехандро Окон"
Остров,"Ким Нам-гиль, Ли Да-хи, Чха Ын-у, Сон Джун, Ко Ду-щим, О Гван-нок, Пак Кын-хён, Чон Гук-хван, Чон Джон-иль, Ли Сун-вон, Пак Пэ-джон, Чан Джон-до, Чан Юн-ми, О Бо-хён, Ян Гён-иль, Юн Ин-ван"
Ворон,"Барыш Ардуч, Бурджу Бириджик, Хатидже Аслан, Джанер Шахин, Ахсен Эролу, Айтек Шаян, Ипек Эрдем, Дерья Бешерлер, Альмина Кахраман, Су Бурджу Джошкун, Тойгар Ышыклы, Измаил Дурмаз, Бахадыр Индже, Мурат Аксу, Али Билгин, Хамди Дениз, Каан Оден, Сердар Чакулар, Керем Чатай, Пелин Дишташ Яшароглу, Каан Курбаноглу, Бурджу Гёргюн Топташ, Озлем Йылмаз"
Рождённый для грусти,"Итан Хоук, Кармен Эджого, Каллум Кит Ренни, Тони Наппо, Стивен Макхэтти, Джанет-Лэйн Грин, Дэн Летт, Кедар Браун, Кевин Ханчард, Тони Нарди, Дэвид Брейд, Тодор Кобаков, Стив Лондон, Джоэль Ричардсон, Энн Диксон, Дэвид ЛеБрун, Роберт Будро, Дэвид Фриман, Стив Косенс, Роберт Будро, Леонард Фарлинджер, Дженнифер Йонас, Джэйк Сил, Роберт Будро"
После тебя,"Сергей Безруков, Анастасия Безрукова, Алёна Бабенко, Карина Андоленко, Владимир Меньшов, Мария Смольникова, Тамара Акулова, Степан Куликов, Галина Бокашевская, Сергей Вершинин, Северина Недельчук, Анна Матисон, Иван Лисичкин, Серж Отрепьев, Сергей Безруков, Алексей Кублицкий, Анна Матисон, Мария Карнеева, Анна Матисон, Тимур Эзугбая"
Бубен Верхнего мира,"Маруся Климова, Александра Черкасова, Елена Матвеева, Дмитрий Соломыкин, Константин Мурзенко, Станис Дмитриев, Сергей Годин, Сергей Годин, Владимир Лобунец, Владимир Лобунец, Сергей Шумаков, Алексей Горовацкий, Данис Сираев, Алексей Горовацкий, Сергей Годин"
Слушание,"Керри Вашингтон, Уэнделл Пирс, Грег Кинниэр, Джеффри Райт, Эрик Стоунстрит, Билл Ирвин, Зои Листер Джонс, Грейс Гаммер, Трит Уильямс, Дилан Бейкер, Гарри Грегсон-Уильямс, Хоуп Хэнэфин, Кристи Саффилд, Рик Фамуйива, Дирк Уэстервелт, Рэйчел Моррисон, Даррен М. Деметре, Сюзанна Грант, Майкл Лондон, Керри Вашингтон, Сюзанна Грант"
Яга и книга заклинаний,"Юлия Хлынина, Фёдор Бондарчук, Лидия Чистякова-Ионова, Елена Шульман, Илья Бледный, Диомид Виноградов, Злата Осипова, Наталья Шеховцева, Александра Курагина, Екатерина Шмакова, Игорь Вдовин, Владимир Саков, Евгений Рязанов, Александр Чистяков, Фёдор Бондарчук, Грегори Пуарье, Александр Чистяков, Вадим Свешников, Леонид Барац"
Я увижу тебя в своих снах,"Блайт Даннер, Мартин Старр, Джун Скуибб, Ри Перлман, Мэри Кэй Плэйс, Малин Акерман, Сэм Эллиотт, Арти Манн, Марк Адэйр-Риос, Эшли Спайллерс, Кигэн Девитт, Миррен Гордон-Крозиер, Джули О’Лири, Бретт Хейли, Бретт Хейли, Дэвид Дин, Роб Гивенс, Даллас Энтони, Эли Бардха, Фостер Чианг, Ян Миллер Корран, Ирина Пономарева, Дмитрий Поляновский, Ирина Маликова, Людмила Гнилова, Ирина Савина, Бретт Хейли, Марк Баш"
Кокоша — маленький дракон: Приключения в джунглях,"Макс фон дер Грёбен, Каролин Кебекус, Дастин Земмельрогге, Гудо Хегель, Ангелика Бендер, Штефан Мария Шнайдер, Энтони Пауэр, Маркус Хаманн, Габриэла Вальтер, Анна Гребенщикова, Екатерина Астрединова, Анна Балицкая, Александр Лаенко, Владислав Ширченко, Марк Слэйтер, Габриэла Вальтер"
"Громче, чем бомбы","Гэбриел Бирн, Изабель Юппер, Джесси Айзенберг, Девин Друид, Эми Райан, Руби Джеринс, Меган Кетч, Дэвид Стрэтэйрн, Рэйчел Броснахэн, Расселл Познер, Ола Флёттум, Гонсало Кордоба, Эмма Поттер, Мишель Шлютер-Форд, Йоаким Триер, Оливье Бугге Кутте, Якоб Ире, Джошуа Астрачан, Альберт Бергер, Александр Малле-Гай, Томас Робсам, Сергей Дьячков, Светлана Шейченко, Вадим Прохоров, Константин Гайдук, Регина Щукина, Йоаким Триер, Эскиль Вогт"
Экскаватор Мася,"Ольга Жуланова, Мария Поддубная, Мария Поддубная, Мария Поддубная"
Цветы для Элджернона,"Грегори Гадебуа, Ив Анжело, Фабрис Руа, Ив Анжело, Жан-Луи Ливи, Жеральд Сиблейрас, Ив Анжело, Дэниел Киз"
Апостол,"Дэн Стивенс, Люси Бойнтон, Майкл Шин, Кристин Фросет, Билл Милнер, Марк Льюис Джонс, Элен Риз, Ричард Элфин, Пол Хиггинс, Кэтрин Аарон, Ария Прайоги, Фаджар Юскемал, Дэйв Трэмлетт, Джейн Спайсер, Гарет Эванс, Гарет Эванс, Мэтт Флэннери, Натаниель Болотин, Гарет Эванс, Мэтт Левин, Ник Спайсер, Гарет Эванс"
Прямо перед глазами,"Джанел Пэрриш, Марко Граззини, Энтони Конечны, Брэнди Александр, Хилари Джардин, Клэр Филипов, Линдсей Винч, Фрэнк Кассини, Фрэнсис Флэнаган, Джейсон Сермак, Джордан Классен, Шон Уилльям, Шарль Беттгер, Патрик Кэрролл, Адам Сливиньский, Чарльз Купер, Джон Кассини, Майкл Прупас, Джоэл С. Райс, Джули Шерман Вульф"
Самурай-гурман,"Наото Такэнака, Тэцудзи Тамаяма, Хонами Судзуки, Хироки Хаяси, Хироки Икэхара, Дзёдзи Танума, Хироюки Ватанабэ, Эидзи Акасо, Мию Сасаки, Тэцу Ватанабэ, Митихито Фудзии, Мамору Хоси, Кисаку Исогаи, Ёсихиро Китаяма, Масами Исиздука, Кадзутака Сакамото, Ёсихиро Тагути, Киёхито Вада, Масаюки Кусуми"
Ради Спока,"Крис Пайн, Зои Салдана, Карл Урбан, Саймон Пегг, Майем Биалик, Джим Парсонс, Уильям Шетнер, Закари Куинто, Джей Джей Абрамс, Джейсон Александер, Николас Пайк, Адам Нимой, Дженис Хэмптон, Люк Снейлхэм, Кевин Лэйн, Джозеф Корнброт, Кевин Лэйн, Стивен Бентли"
Майя,"Мария Белоненко, Елена Оболенская, Александр Вершинин, Мария Большова, Наталья Коренная, Алексей Измайлов, Станислав Румянцев, Валерий Новиков, Анфиса Черных, Татьяна Косач-Брындина, Максим Кошеваров, Душан Глигоров, Батыр Моргачев, Юрий Сапронов, Елена Лебец"
Маша и Медведь: 12 месяцев,"Юлия Зуникова, Борис Кутневич, Артём Божутин, Лариса Брохман, Никита Прозоровский, Диомид Виноградов, Юлия Яблонская, Алексей Смирнов, Евгений Турута, Оксана Гусева, Василий Бедошвили, Артем Наумов, Алена Студенникова, Елена Щичкина, Мария Большакова, Елена Чернова, Олег Ужинов, Дмитрий Гординский"
Происшествие в стране Мульти-Пульти,"Евгений Цыганов, Тимофей Трибунцев, Виктория Исакова, Алексей Серебряков, Екатерина Варнава, Александр Гудков, Алла Михеева, Дмитрий Хрусталев, Сергей Бурунов, Данила Козловский, Борис Савельев, Александр Флярковский, Игорь Ступников, Михаил Миронов, Глеб Орлов, Кирилл Хандурин, Игорь Гринякин, Ангелина Ашман, Игорь Мишин, Иван Ургант, Егор Соломатин, Аркадий Хайт, Александр Левенбук"
Хижина,"Сэм Уортингтон, Октавия Спенсер, Тим Макгроу, Рада Митчелл, Меган Чарпентье, Гейдж Манро, Амели Ив, Авраам Авив Алуш, Сумирэ, Алиси Брага, Аарон Зигман, Гвендолин Маргетсон, Стэйси Кабальеро, Карин Носелла, Трэйси А. Дойл, Стюарт Хэзелдайн, Уильям Стайнкамп, Деклан Куинн, Брэд Каммингс, Джил Неттер, Майк Дрэйк, Лун Цююнь, Джон Фуско, Эндрю Лэнхем, Дестин Дэниел Креттон"
Разделение,"Дэймон Гаптон, Марин Айрлэнд, Джо Андерсон, Пол Шнайдер, Ниа Лонг, Кларк Питерс, Адам Ротенберг, Джамил Френч, Жан Максвелл, Джон Бедфорд Ллойд, Дхани Харрисон, Джон Садофф, Пол Хикс, Мун Йинг Кван, Антониетта Мессам, Лиэль Делорьер, Тони Голдуин, Эллисон Андерс, Сара Пиа Андерсон, Януш Камински, Рэйчел Гудлетт, Викаш Патель, Мэттью Колонна, Роберт Эшменн, Януш Камински, Эндрю Шугерман, Джон Тинкер, Дэна Баратта, Тони Голдуин, Памела Грэй, Тони Голдуин, Ричард ЛаГравенес, Дэна Баратта"
Ведьмак,"Генри Кавилл, Фрейя Аллан, Аня Чалотра, Мими Дивени, Имон Фэррен, МайАнна Бёринг, Уилсон Раджу-Пухальте, Анна Шаффер, Джои Бэти, Ройс Пирресон, Джозеф Трапанезе, Соня Белоусова, Джиона Остинелли, Джастин Уорбёртон-Браун, Стюарт Кернс, Чантелл Валентайн, Хлоя Клетса, Алик Сахаров, Стивен Серджик, Шарлотта Брандстром, Алекс Гарсиа Лопес, Жан-Даниэль Фернандез-Кундез, Ник Артурс, Лиана Дель Гьюдиче, Майк Филлипс, Жан-Филипп Госсар, Гэвин Стразерс, Ромейн Лакурбас, Скотт Виниг, Стив Гауб, Джейсон Ф. Браун, Саймон Эмануэл, Мэттью О’Тул, Сергей Пономарёв, Александра Курагина, Вероника Саркисова, Алёна Минчук, Даниил Эльдаров, Хэйли Холл, Деклан Де Барра, Бо ДеМайо"
Дэвид Боуи: Пять лет,"Дэвид Боуи, Рик Уэйкман, Джон Харрис, Мик Ронсон, Тревор Болдер, Энджи Боуи, Камилль Паглия, Ава Черри, Фрэнсис Уотли, Гед Мерфи, Ричард Нумерофф, Фрэнсис Уотли, Фил Доллинг, Пол Уильямс"
Чемпион,"Ма Дон-сок, Квон Юль, Хан Е-ри, Чхве Сын-хун, Ок Е-рин, Ян Хён-мин, Нам Ён-у, Кан Щин-хё, Ли Гю-хо, Кан Сын-хён, Нам Дэ-вон, Ли Ха-на, Нам Джи-су, Ким Ён-ван, Ким Чхан-джу, Ю Джи-сон, Хан Дон-хван, Ма Дон-сок, Пак Хи-гон, Ким Ён-ван"
Любовное приземление,"Хён Бин, Сон Е-джин, Со Джи-хе, Ким Джон-хён, О Ман-сок, Ким Ён-мин, Ян Гён-вон, Ю Су-бин, Ким Джон-нан, Ким Сон-ён, Ли Джон-хё, Пак Чи-ын"
Тишина,"Джон Галлахер мл., Кейт Сигел, Майкл Трукко, Саманта Слойан, Эмилия Грейвз, The Newton Brothers, Майк Флэнаган, Майк Флэнаган, Джеймс Нист, Джейсон Блум, Филлип Дейв, Кэт Крэйг, Майк Флэнаган, Кейт Сигел"
Жизнь Адель,"Леа Сейду, Адель Экзаркопулос, Салим Кешьюш, Орельен Рекуан, Катрин Сале, Бенжамен Сиксу, Мона Валравенс, Альма Ходоровски, Жереми Лаэрт, Анн Луаре, Палома Гарсиа Мартенс, Джулия Лемэр, Абделатиф Кешиш, Софи Брунет, Галия Лакруа, Альбертина Ластера, Жан-Мари Ленжель, Софиан Эль Фани, Брагим Шиуа, Абделатиф Кешиш, Венсан Мараваль, Лоуренс Клерк, Ирина Киреева, Евгения Ваган, Александр Гаврилин, Михаил Георгиу, Любовь Германова, Абделатиф Кешиш, Галия Лакруа, Жюли Маро"
Платиновый предел,"Мию Ирино, Юи Огура, Мао Итимити, Нацуки Ханаэ, Каито Исикава, Сёя Тиба, Кикуко Иноуэ, Аи Каяно, Хироси Цутида, Юи Исикава, Масахиро Токуда, Хидэясу Нарита, Кодзи Оя, Кадзутика Кисэ, Хидэя Такахаси, Кэи Суэдзава, Юсукэ Уэно, Масаси Уояма, Рёсукэ Хагивара, Масаси Ито, Такуми Ито, Юки Катаяма, Синъити Инодзумэ, Такэси Обата, Цугуми Оба"
Легенды Спарка,"Юань Чао, Чжан Юйлинь, Лю Синчжун"
Трюфельный пёс королевы Джованны,"Елена Великанова, Дмитрий Бедерин, Любовь Германова, Валерий Сторожик, Максим Щеголев, Марина Есипенко, Сергей Подольный, Алексей Гнилицкий, Виктория Герасимова, Иван Верховых, Максим Кошеваров, Александр Маев, Олег Штром, Михаил Царьков, Олег Иванов, Рубен Дишдишян, Дмитрий Шутко, Анна Бочкарева, Дмитрий Добужинский, Ольга Мотина-Супонева, Анна Малышева"
Зловещие мертвецы: Черная книга,"Джейн Леви, Шайло Фернандес, Лу Тэйлор Пуччи, Джессика Лукас, Элизабет Блэкмор, Феникс Коннолли, Джим МакЛарти, Сиан Дэвис, Стефен Баттерворф, Карл Виллетц, Роке Баньос, Майк Бикрофт, Дженнифер Уорд, Сара Вун, Роджер Гуис, Федерико Альварес, Брайан Шоу, Аарон Мортон, Брюс Кэмпбелл, Сэм Рэйми, Сэлли Кэмпбелл, Гильермо Карбонелл, Наталья Терешкова, Евгений Вальц, Иван Жарков, Вероника Саркисова, Василиса Воронина, Федерико Альварес, Родольфо Саягес, Сэм Рэйми"
Мужчина и женщина: Лучшие годы,"Жан-Луи Трентиньян, Анук Эме, Суад Амиду, Антуан Сир, Марианн Деникур, Моника Беллуччи, Тесс Ловернь, Лорен Прудом, Жан-Ив Крессенвиль, Бернар Варна, Калоджеро, Франсис Ле, Клод Лелуш, Стефан Мазалегю, Робер Алазраки, Сэмюэл Хадида, Виктор Хадида, Клод Лелуш, Жан-Поль Де Видас, Пётр Тобилевич, Нина Тобилевич, Мария Овчинникова, Владимир Рыбальченко, Ольга Зубкова, Грегуар Лакруа, Клод Лелуш, Валери Перрен, Пьер Уйттерховен"
Квартет,"Такако Мацу, Хикари Мицусима, Иссэй Такахаси, Рюхэй Мацуда, Рихо Ёсиока, Такэси Томидзава, Акико Яги, Масако Мотаи, Хитоми, Цукаса Иноэ, Хидэхиро Каваи, Рё Кисимото, Нобухиро Дои, Тосио Цубои, Фуминори Канэко, Нобухиро Дои, Аюми Сано, Юдзи Сакамото"
Juice WRLD: В бездну,"Бенжамин Левин, Томми Оливер, Томми Оливер, Томми Оливер, Томми Оливер, Нэнси Абрахам, Джофф Чоу, Марк Чимино"
"Привет, бабульник!","Лилиан Малкина, Татьяна Пилецкая, Кира Крейлис-Петрова, Андрей Фига, Николай Белов, Наталья Мирзоян, Елизавета Астрецова, Наталья Мирзоян, Борис Машковцев, Наталья Мирзоян"
Операция «Мясной фарш»,"Колин Фёрт, Мэттью Макфэдиен, Келли Макдоналд, Пенелопа Уилтон, Джонни Флинн, Джейсон Айзекс, Саймон Расселл Бил, Пол Риттер, Марк Гэтисс, Николас Роу, Томас Ньюман, Том Коутс, Кит Слот, Андреа Флеш, Нурия Гардия, Линда Уилсон, Джон Мэдден, Виктория Бойделл, Себастьян Бленков, Кэтерин Брайдл, Эйн Каннинг, Чарльз С. Коэн, Никки Эрншоу, Игорь Тарадайкин, Василий Дахненко, Наталья Фищук, Светлана Старикова, Антон Савенков, Мишель Эшфорд, Бен Макинтайр"
"40+, или Геометрия чувств","Ирина Ефремова, Анастасия Сердюк, Ольга Сидорова, Андрей Стоянов, Олег Масленников-Войтов, Дмитрий Мазуров, Иван Колесников, Дмитрий Тубольцев, Михаил Дорожкин, Ирина Калашникова, Валерий Тишлер, Оксана Байрак, Игорь Щербаков, Виктор Мирский, Оксана Байрак, Евгений Третьяк, Галина Сальгарелли, Оксана Байрак, Елена Серова"
Однажды в Риме,"Алессандро Гассман, Марко Джаллини, Эдоардо Лео, Джанмарко Тоньяцци, Иления Пасторелли, Массимилиано Бруно, Антонелло Фассари, Эмануэль Бевилаккуа, Маурицио Филардо, Симоне Брагулья, Альберто Моретти, Паола Сольдини, Массимилиано Бруно, Лучана Пандолфелли, Федерико Шлэттер, Федерика Лучизано, Фульвио Лучизано, Джулио Стив, Массимилиано Бруно, Андреа Басси, Никола Гуальяноне, Менотти"
Кровные,"Джейн Хоррокс, Самсон Каё, Люси Панч, Джулиан Бэррэтт, Эдриан Скарборо, Аасия Ша, Кевин Гарри, Элли Уайт, Кэтерин Келли, Сэлли Кинг, Даниэла Фаджио, Рука Джонсон, Уильям Синклер, Том МакКэй, Бен Грегор, Марк Уильямс, Дэвид Старк, Дункан Телфорд, Джереми Хьюсон, Нэйтан Брайон, Дэбби Писани, Эш Аталла, Пол Дулан, Нэйтан Брайон, Самсон Каё"
Владимир Высоцкий. Письмо Уоррену Битти,"Владимир Высоцкий, Александр Ковановский"
Квнщики,"Дарья Руденок, Роман Маякин, Андрей Бурковский, Юлия Ахмедова, Денис Власенко, Михаил Мелин, Кирилл Лопаткин, Денис Давыдов, Никита Лобанов, Екатерина Пилипенко, Илья Аксенов, Владислав Малышев, Илья Аксенов, Мария Каплун, Екатерина Савина, Илья Аксенов"
Призрак,"Павел Прилучный, Лукерья Ильяшенко, Северия Янушаускайте, Владимир Зайцев, Кирилл Рубцов, Вячеслав Чепурченко, Елена Полякова, Николай Козак, Пьер Бурель, Аполлинария Муравьёва, Райан Оттер, Ирина Крылова, Анарио Мамедов, Константин Мазур, Кирилл Зоткин, Алексей Моисеев, Наталия Мокеева, Мария Михайлова, Эльмира Айнулова, Алексей Безенков, Елена Вахрушева"
Леди Макбет,"Флоренс Пью, Космо Джарвис, Пол Хилтон, Наоми Аки, Кристофер Фэйрбэнк, Голда Рошевель, Ребекка Мэнли, Флер Хаудейк, Клиф Бёрнет, Дэн Джонс, Талия Экклстоун, Холли Уоддингтон, Уильям Олдройд, Ник Эмерсон, Эри Вегнер, Фодла Кронин О’Рейли, Лиззи Франке, Кристофер Гранье-Деферр, Николай Лесков, Элис Бирч"
Вавилон,"Диего Кальва, Марго Робби, Брэд Питт, Джован Адепо, Ли Цзюнь Ли, Джин Смарт, Оливия Хэмилтон, П.Дж. Бирн, Лукас Хаас, Макс Мингелла, Джастин Гурвиц, Эйс Эйр, Энтони Д. Парилло, Джейсон Перрин, Эрик Сандаль, Мэри Зофрис, Энтони Карлино, Дэмьен Шазелл, Том Кросс, Линус Сандгрен, Майкл Бегг, Дэйв Каплан, Джейсон Клот, Хелен Эстабрук, Вадим Николайчук, Ольга Вербицкая, Андрюс Стакионис, Евгений Равдин, Вероника Гулбе, Дэмьен Шазелл"
Странный ангел,"Джек Рейнор, Белла Хиткот, Питер Марк Кендалл, Грег Уайз, Руперт Френд, Майкл Гэстон, Кай Чен, Амара Сарагоса, Карл Макинен, Раде Шербеджия, Дэниэл Харт, Т.К. Киркпатрик, Хелен Харвэлл, Шон Фолкнер, Аманда Книэнс, Бен Уитли, Дэвид Лоури, Кейт Дэннис, Эрнест Р. Дикерсон, Сью Блэйни, Кристофер С. Кэпп, Дженнифер Барбо, Дэвид Дворецкий, Эндрю Дроз Палермо, Армандо Салас, Синтия Пушек, Дэвид Клайн, Дэвид ДиДжилио, Марк Хейман, Клэйтон Крюгер, Дебра Лователли, Дэвид ДиДжилио, Силка Луиза, Эллисон Миллер, Дэвид Винер"
Ночь накануне свадьбы,"Ким Ган-у, Ким Хё-джин, Ли Ён-хи, Тхэгён, Ма Дон-сок, Гузель Турсунова, Ли Хи-джун, Ко Джун-хи, Чу Джи-хун, Чхве Бён-мо, Ли Джэ-джин, Со Ын-гён, Чон Сон-хо, Хон Джи-ён, Ким Сон-мин, Ли Сон-ён, Мин Джин-су, Пак Чун-хо, Ким Ён-хун, Ко Мён-джу, Мин Джин-су"
Олдскульные ренегаты,"Морис Стеенберген, Морис Стеенберген, Менно ван Дейк, Кеес де Конинг, Морис Стеенберген, Морис Стеенберген"
Моя новая горничная очень подозрительна,"Риэ Такахаси, Саори Хаями, Микако Комацу, Юи Хориэ, Мию Томита, Мираи Минато, Мисудзу Хосино, Кацухиро Кимура, Юко Синтани, Мираи Минато"
Ника,"Анна Миклош, Сергей Чирков, Натали Старынкевич, Илья Коврижных, Михаил Владимиров, Юрий Ваксман, Михаил Левченко, Валентина Шанаева, Сергей Марухин, Ирина Теплухова, Екатерина Арефьева, Валентин Донсков, Анатоль Соловей, Дмитрий Карначик, Сергей Багиров, Наталья Фролова, Мария Ваксман, Алан Хурумов, Светлана Хурумова"
Не оставляй следов,"Томасин Маккензи, Бен Фостер, Майкл Дрэйпер, Питер Симпсон, Дэна Милликэн, Дикон Хинчлифф, Джонатан Гуггенхейм, Эрин Элдридж, Ванесса Нолл, Дебра Граник, Джейн Риццо, Майкл МакДонаф, Энн Харрисон, Линда Рейсман, Энн Роселлини, Майкл Блум, Дебра Граник, Энн Роселлини, Питер Рок"
Рыжий пес: Самый верный,"Джейсон Айзекс, Леви Миллер, Брайан Браун, Ханна Мэнгэн Лоуренс, Томас Кокерел, Джон Джаррэтт, Джастин Кларк, Зен МакГрат, Винта МакГрат, Стив Ле Маркуанд, Цезары Скубишевски, Эмма Флетчер, Анна Боргези, Кристин Линч, Крив Стендерс, Родриго Баларт, Джилл Билкок, Джеффри Холл, Брайс Мензес, Нельсон Восс, Джилл Билкок, Дэниэл Таплитц"
Книга любви,"Джейсон Судейкис, Мэйси Уильямс, Джессика Бил, Мэри Стинберген, Орландо Джонс, Ришар Робишо, Пол Райзер, Брайан Бэтт, Джэйсон Уорнер Смит, Кристофер Герман, Джастин Тимберлейк, Кристина Юнджи Ким, Клер Бро, Уильям Перпл, Тара Тимпоне, Джеймс М. Муро, Джессика Бил, Майк Ландри, Чак Пачеко, Мишель Гласс, Уильям Перпл, Робби Пикеринг"
Пока ты спишь,"Ли Джон-сок, Пэ Су-джи, Ли Сан-ёп, Ко Сон-хи, Чон Хэ-ин, Мин Сон-ук, Пэ Хэ-сон, Ли Ги-ён, Ким Вон-хэ, Пак Чин-джу, О Чхун-хван, Пак Су-джин, Пак Хе-рён"
Конец пути,"Джон Хоукс, Логан Лерман, Сара Болгер, Андреа Ирвин, Оулавюр Дарри Оулафссон, Дэнис Конуэй, Лалор Родди, Дэвид Грант Райт, Шон Махон, Мэри МакЭвой, Пьетюр Тор Бенедиктссон, Шэйн Макэнро, Лара Кэмпбелл, Эльфар Адальстейнс, Гудлаугюр Андри Эйторссон, Кристьян Лодмфьёрд, Вальдис Оускарсдоуттир, Карл Оскарссон, Эльфар Адальстейнс, Эггерт Бальдвинссон, Полин Брукс, Дэвид Коллинз, Майкл Армбрустер"
Мурена,"Даница Чурчич, Леон Лючев, Клифф Кёртис, Йонас Смулдерс, Никса Бутижер, Клара Муччи, Марина Редзепович, Милан Штрлич, Евгений Гальперин, Саша Гальперин, Амела Бакшич, Антонета Кусиянович, Владимир Гоюн, Элен Лувар, Ждэнка Голд, Родриго Тейшейра, Миха Чернеч, Антонета Кусиянович"
"Хороший, плохой, коп","Джерард Батлер, Фрэнк Грилло, Алексис Лодер, Тоби Хасс, Чад Л. Коулмэн, Райан О’Нан, Хосе Пабло Кантильо, Каиви Лайман, Роберт Уокер Браншод, Трэйси Боннер, Клинтон Шотер, Лесли МакДональд, Билли В. Рэй, Джэйна Мэнсбридж, Кристи Томпсон, Джо Карнахан, Кевин Хейл, Хуан Мигель Аспирос, Джерард Батлер, Джо Карнахан, Филлип Дейв, Таи Дункан, Владимир Антоник, Владимир Рыбальченко, Полина Щербакова, Дмитрий Полонский, Михаил Георгиу, Джо Карнахан, Курт МакЛеод, Марк Уильямс"
The Beatles: Get Back — Концерт на крыше,"The Beatles, Джордж Харрисон, Джон Леннон, Пол Маккартни, Ринго Старр, Питер Джексон, Джабез Олссен, Джонатан Клайд, Оливия Харрисон, Питер Джексон, Пол Маккартни"
Сладкая жизнь,"Коитиро Камэяма, Кэидзо Кусакава, Нобуёси Нагаяма, Рёсукэ Сибуя, Фумихиро Уэно, Юдзи Ока, Ясуюки Ито, Хиро Маруяма, Токо Матида, Мисаки Мориэ, Митико Ёкотэ"
Любовное письмо,"Грегори Монтель, Грегори Гадебуа, Анаис Демустье, Леа Дрюкер, Надеж Боссон-Диань, Пабло Поли, Шарлотта Кламенс, Гаэтан По, Жан-Франсуа Сивадье, Солен Риго, Давид Штанке, Кэрол Жерар, Жером Боннель, Жюли Дюпре, Паскаль Лагрифул, Мишель Сен-Жан, Энн Мэтью, Жером Боннель"
Вольная грамота,"Татьяна Бабенкова, Артем Крылов, Владислав Абашин, Иван Добронравов, Ксения Разина, Артём Ткаченко, Владислав Ветров, Катарина Шпиринг, Иван Шибанов, Анна Лутцева, Иван Бурляев, Константин Куприянов, Елена Брянская, Дмитрий Черкасов, Ярослав Смирнов, Владимир Башта, Андрей Каторженко, Дмитрий Черкасов, Олег Газе, Сергей Сельянов, Лилия Ковалевич, Ольга Собенина, Александр Архипов"
Частный детектив Магнум,"Джей Эрнандес, Пердита Викс, Захари Найтон, Стефен Хилл, Эми Хилл, Тим Кан, Кристофер Торнтон, Кими Бальмилеро, Бобби Ли, Кит Пауэр, Брайан Тайлер, Тим Бич, Скотт Кобб, Минди Роффман, Джина Б. Крэнхем, Брайан Спайсер, Эгил Эгилссон, Питер Уэллер, Дэвид Стрейтон, Даг Ханна, Родерик Дэвис, Майкл Штехер, Кришна Рао, Родни Чартерс, Кристофер Дадди, Джон Дэвис, Джон Фокс, Эрик Гуггенхейм, Джастин Лин, Дэвид Волков, Дэвид Слэк, Эшли Гейбл"
Крис Рок: Избирательная ярость,"Крис Рок, Джоэл Галлен, Мэттью Клэйбрукс, Крис Рок"
Майкл Хатченс: Mystify!,"Майкл Хатченс, INXS, Эндрю Фэррисс, Мишель Беннетт, Уоррен Эллис, Ричард Ловенштейн, Ричард Ловенштейн, Линн-Мэри Милберн, Эндрю де Гроот, Джон Батсек, Марк Феннесси, Ричард Ловенштейн, Ричард Ловенштейн"
Хорошие друзья,"Чи Сон, Чу Джи-хун, Ли Гван-су, Ли Хви-хян, Чхве Джин-хо, Ли Сын-у, Чхве Бён-мо, Нам Мун-чхоль, Ли Гын-ху, Хам Сон-мин, Чан Ён-гю, Ли Бон-хван, Ким Ю-сон, Ли До-юн, Стив М. Чхве, Ю Ок, Пэк Чи-сон, Чхве Нак-квон, Ли Тхэ-хон, Ли До-юн"
Самый жестокий год,"Оскар Айзек, Джессика Честейн, Дэвид Ойелоуо, Алессандро Нивола, Элиес Габел, Альберт Брукс, Лорна Прюс, Кристофер Эбботт, Мэттью Мехер, Джерри Эдлер, Алекс Эберт, Даг Хусти, Кася Валицка-Мэймон, Мелани Дж. Бэйкер, Джей Си Чендор, Рон Патане, Брэдфорд Янг, Джей Си Чендор, Нил Додсон, Анна Герб, Глен Баснер, Джей Си Чендор"
Дождливый день в Нью-Йорке,"Тимоти Шаламе, Эль Фаннинг, Селена Гомес, Джуд Лоу, Диего Луна, Лив Шрайбер, Сюзанн Смит, Оливия Борхэм-Уинг, Бен Уорхейт, Гриффин Ньюман, Сьюзи Бензингер, Сара Дэннис, Вуди Аллен, Алиса Лепселтер, Витторио Стораро, Эрика Аронсон, Летти Аронсон, Рон Чез, Филипп Бледный, Анна Котова, Екатерина Стеблина, Сергей Смирнов, Григорий Калинин, Вуди Аллен"
По половому признаку,"Фелисити Джонс, Арми Хаммер, Джастин Теру, Сэм Уотерстон, Кэти Бейтс, Кэйли Спэни, Джек Рейнор, Стивен Рут, Крис Малки, Гари Вернтц, Майкл Дэнна, Рэймонд Дюпуи, Камилль Парент, Паола Ридольфи, Айзис Массенден, Эммануэль Буайе, Сильвен Мендес, Соня Венн, Мими Ледер, Мишель Тесоро, Майкл Грейди, Роберт В. Корт, Бетси Дэнбьюри, Джонатан Кинг, Эрин Ф. Ларсен, Ирина Киреева, Сергей Смирнов, Даниил Эльдаров, Владимир Антоник, Екатерина Семенова, Дэниэл Стиплман"
Про людей и про войну,"Фёдор Федотов, Тимофей Елецкий, Антон Богданов, Илья Колецкий, Андрей Кондратьев, Андрей Кислицин, Андрей Аверков, Алла Еминцева, Полина Красавина, Евгения Глотова, Сергей Чижов, Андрей Красавин, Андрей Сальников, Александр Кананович, Дмитрий Хонин, Константин Фиревич, Роман Бойко, Павел Фоминцев, Дмитрий Пасичнюк, Анна Чижова"
Большой побег,"Владимир Маркони, Александр Белькович, Магомед Муртазаалиев, Эльдар Джарахов, Роман Постовалов, Алексей Столяров, Ильгар Рагимов, Дмитрий Васильев, Максим Рыбаков, Антон Федотов, Фатима Гаппоева, Антон Гореславский"
Костяной томагавк,"Курт Рассел, Патрик Уилсон, Мэттью Фокс, Ричард Дженкинс, Лили Симмонс, Эван Йоникит, Дэвид Аркетт, Фред Меламед, Сид Хэйг, Маэстро Харрелл, Джефф Херриотт, С. Крэйг Залер, Лаура Эванс, Чантал Филсон, Лаура Эванс, Гоар Галстян, С. Крэйг Залер, Грег Д’Аурия, Фред Раскин, Бенжи Бакши, Джек Хеллер, Даллас Зонньер, Иэн Абрахамс, Джонатан Фойер, Владимир Антоник, Евгений Вальц, Данил Щебланов, Олег Форостенко, Мария Иващенко, С. Крэйг Залер"
Колыбель над бездной,"Ольга Медынич, Сергей Малюгов, Олег Жилин, Сергей Колос, Юлия Молчанова, Максим Тихонов, Игорь Власов, Григорий Никитин, Ксения Разина, Алла Вербицкая, Серж Греков, Михаил Колпахчиев, Александр Колесник, Дмитрий Трифонов, Наталья Билан, Василий Корвяков, Наталия Короткова, Илья Огнев"
"Все, что у меня есть","Джулианна Мур, Эллиот Пейдж, Майкл Шеннон, Стив Карелл, Люк Граймс, Гэбриел Луна, Энтони ДеСандо, Скипп Саддат, Джош Чарльз, Кевин О’Рурк, Джонни Марр, Ханс Циммер, Патрис Эндрю Дэвидсон, Стэйси Баттат, Джоэнн Линг, Питер Соллетт, Эндрю Мондшейн, Мариза Альберти, Келли Буш, Джули Голдштейн, Фил Хант, Дункан Монтгомери, Любовь Германова, Варвара Чабан, Владимир Рыбальченко, Всеволод Кузнецов, Александр Гаврилин, Рон Нисуонер"
Во время грозы,"Адриана Угарте, Чино Дарин, Хавьер Гутьеррес, Альваро Морте, Нора Навас, Микель Фернандес, Клара Сегура, Мима Риера, Айна Клотет, Альберт Перес, Фернандо Веласкес, Хайме Андуиса, Марта Басако, Анна Агила, Марта Басако, Ориол Паоло, Хауме Марти, Чави Хименес, Мерседес Гамеро, Микель Лехарса, Мария Контрерас, Ориол Паоло, Лара Сендим"
Приглашение к убийству,"Миша Бартон, Крис Браунинг, Бьянка А. Сантос, Джиллз Мэттхи, Грэйс Линн Кунг, Шеймус Девер, Джеймс Урбаняк, Эми Слоун, Алекс Хайд-Вайт, Кларк Кармайкл, Кристиан Дэвис, Лорен Грегори, Бен Пикок, Стивен Шимек, Кристи Шимек, Брайан Вилим, Джером Рейнер-Кальфон, Себастьен Семон, Брайан Вилим, Зеус Замани, Татьяна Шитова, Дмитрий Поляновский, Таисия Тришина, Александр Арзин, Лариса Некипелова, Брайан О’Доннелл, Жерар Миллер, Джером Рейнер-Кальфон, Себастьен Семон"
Ни минуты покоя,"Кристиан Клавье, Кароль Буке, Валери Боннетон, Росси де Пальма, Стефан Де Гродт, Себастьен Кастро, Кристиан Шарметан, Арно Анриет, Рикардо Арсиага, Элиша Камачо, Эрик Невё, Патрис Леконт, Жоэль Аш, Жан-Мари Дрюжо, Оливье Дельбоск, Марк Миссонье, Женевьева Лемаль, Ален-Жиль Вьельвуа, Александр Новиков, Ольга Голованова, Лариса Брохман, Елена Шульман, Владимир Рыбальченко, Флориан Зеллер, Саймон Грэй"
Любовь,"Ирина Пегова, Андрей Благословенский, Мария Антонова, Игорь Акулов, Виктор Овсянников, Лев Соколовский, Иван Соснин, Иван Соснин, Дмитрий Мишин, Иван Соломатин, Яна Шмайлова, Данил Голованов, Иван Соснин"
Общество,"Кэтрин Ньютон, Гидеон Адлон, Шон Берди, Наташа Лю Бордиццо, Жак Колимон, Оливия ДеДжонг, Алекс Фитцалан, Кристин Фросет, Хосе Джулиан, Алекс МакНиколл, Дэниэл Харт, Джина Б. Крэнхем, Дженнифер Л. Брайан, Кира Фридман Курчио, Марк Уэбб, Хайфа Аль-Мансур, Патрисия Кардосо, Меган Гриффитс, Дэвид Дворецкий, Фаррел Леви, Фил Нил, Аттила Салаи, Анна Фишко, Павлина Хатупис, Кристофер Кейзер, Рэнди Нельсон, Юлия Горохова, Анастасия Лапина, Иван Калинин, Алексей Костричкин, Антон Савенков, Эмили Бенсингер, Кристофер Кейзер, Мэйл Мелой, Анна Фишко"
Кровный отец,"Мэл Гибсон, Эрин Мориарти, Диего Луна, Майкл Паркс, Уильям Х. Мэйси, Мигель Сандовал, Дейл Дикки, Ричард Кебрал, Дэниэл Монкада, Райан Дорси, Свен Фолконер, Билли В. Рэй, Терри Андерсон, Лиза Норсиа, Сьюзэн Маджестро, Пенелопа Рене Стеймс, Жан-Франсуа Рише, Стивен Розенблюм, Роберт Ганц, Крис Бриггс, Паскаль Кошето, Питер Крэйг, Герард ДиНарди, Андреа Берлофф, Питер Крэйг"
Люди просто ничего не делают: Успех в Японии,"Аллан Мустафа, Хьюго Чегвин, Стив Стэмп, Азим Чодри, Лили Брейзиер, Кэн Ямамура, Аюми Ито, Неро Хуан, Джордж Кейвуд, Кёко Саито, Джеймс Кросс, Софи Локвуд, Леони Хартард, Джек Клоф, Гарет Хил, Мэттью Уикс, Клер Джонс, Шэйн Аллен, Эш Аталла, Илья Хвостиков, Александр Дасевич, Алексей Костричкин, Сергей Пономарёв, Татьяна Шитова, Лили Брейзиер, Азим Чодри, Аллан Мустафа, Стив Стэмп"
Лунный свет,"Алекс Р. Хибберт, Эштон Сандерс, Треванте Роудс, Наоми Харрис, Жанель Моне, Махершала Али, Джейден Пайнер, Джаррель Джером, Андре Холланд, Патрик Десиль, Николас Брителл, Мэйбл Барба, Кэролайн Эселин, Реджина МакЛэрни, Барри Дженкинс, Джои МакМиллон, Нат Сандерс, Джеймс Лэкстон, Деде Гарднер, Джереми Клейнер, Адель Романски, Сара Эсберг, Барри Дженкинс, Тарелл МакКрейни"
Моё первое лето,"Артур Энджел, Маркелла Кавена, Стив Музакис, Майя Стюардсон, Кэтерин Тонкин, Эдвина Рен, Харви Зилински, Аннабелль Джонсон, Мэттью Чуан, Джонатан Ауф Дер Хайди, Шон Миллер"
Чумовая семейка: Зомби на продажу,"Чон Джэ-ён, Ким Нам-гиль, Ом Джи-вон, Ли Су-гён, Чон Га-рам, Пак Ин-хван, Ким Ги-чхон, Чон Бэ-су, Ку Бон-ун, Щин Джон-гын, Хван Сан-джун, Чо Хи-ран, Ли Мин-джэ, Ким Сон-мин, Чо Хён-нэ, Ом Джу-ён, Чан Джин-сын, Ли Чхи-бом, Ли Мин-джэ"
Хакер,"Каллэн МакОлифф, Лоррэйн Николсон, Дэниэл Эрик Голд, Клифтон Коллинз мл., Захари Беннетт, Влада Веревко, Геннадий Долганов, Райан Михельсен, Кристиан Трулсен, Кэри Ротман, Барб Кардосо, Софиа Пьерро, Акан Сатаев, Алекс Маркес, Павел Патрики, Санжар Султанов, Томми Чан, Ивэн Делль’Агила, Джей Ханна, Даниил Эльдаров, Санжар Султанов, Тимур Жаксылыков, Акан Сатаев"
Шпион на полставки,"Кан Е-вон, Хан Чхэ-а, Чо Джэ-юн, Ким Мин-гё, Нам Сон-джин, Намгун Мин, Рю Сон-хён, Щин Сэ-хви, Хён Бон-щик, Тон Хён-бэ, Ли Джон-у, Ян Хи-хва, Ким Док-су, Чхве Джэ-гын, Ли Джон-ёль, Ю Ён-су, Ким Док-су"
Огонь по штабам,"Вячеслав Коробицин, Марина Даминева, Варвара Светлова, Константин Фисенко, Константин Сироткин, Михаил Крячок, Данила Калабин, Евгения Натанова, Юлия Шишова, Ангелина Аладова, Варвара Шульгина, Степан Груша, Степан Груша, Федор Балабанов, Константин Фисенко, Степан Груша"
Рождественская буря,"Деннис Стурхёй, Майбритт Саэренс, Ян Гуннар Рэйсе, Йон Эйгарден, Ариадна Каброль, Вальтер Скарсгард, Равдип Сингх Баджва, Сус Нореен Йондаль Вилькинс, Ибрахим Фааль, Питер Баден, Оддфрид Ропстад, Пер-Олав Соренсен, Эрик Тв. Астер, Андерс Берглэнд, Веслемёй Блокхус Лангвик, Ларс Апнесет, Халлгрим Хёуг, Янне Хьельтнес, Ян Эрик Лангоен, Ларс Сааби Кристенсен, Пер-Олав Соренсен"
Туннель,"Стивен Диллэйн, Клеманс Поэзи, Сигрид Буази, Тоби Бакаре, Джек Лауден, Энджел Колби, Джеймс Фрейн, Седрик Виейра, Тибо де Монталембер, Том Бейтман, Бен Бартлетт, Эдриан Джонстон, Эндрю Ротшилд, Линн Хьюитсон, Крис Питерс, Грант Бэйли, Жиль Банньер, Тома Венсан, Андерс Энгстрем, Хетти Макдональд, Хелен Чэпман, Эми Ханселл, Луис Бигрейв, Адам Грин, Войцех Шепель, Сэм Кэа, Дэйл МакКреди, Лукаш Гутт, Манда Левин, Нора Мелли, Энн Менса, Бен Ричардс, Джэми Кричтон, Эмма Фрост, Луиз Айронсайд, Джон Джексон"
Уличная еда: Азия,"Филип Херш, Дэниэл Грэй, Дункан Тум, Джоэль П. Уэст, Кристин Халафиан, Джереми Ласк, Кайл Трэйнор, Джессика, Мэттью Чавез, Эндрю Фрид, Дэвид Гелб, Дэйн Лиллегард, Дэвид Гелб, Брайан МакДжинн"
Подделка,"Ян Ик-чун, О Джон-сэ, Квон Хэ-хё, Пак Хи-бон, Хван Сок-чон, Ким Джэ-рок, Рю Хе-ён, Чон Ён-ги, Ким Ккот-пи, Щим Хи-соп, Чан Ён-гю, Пён Ги-хён, Ён Сан-хо, Чо Ён-гак, Ён Сан-хо"
По-собачьи,"Эллисон Толман, Лукас Нефф, Кирби Хауэлл-Батист, Бэрри Ротбарт, Мария Бэмфорд, Айден Майэри, Дэнни Брекен, Колин Д. Ирвин, Александра Ландсберг, Сабрина Розен, Аманда Райли, Майкл Киллен, Джон Фортенберри, Пол Мерфи, Дэн Риддл, Робин Кац, Эми Винсент, Крис Бауком, Аннабел Оакес, Дэйзи Гарднер, Майкл Киллен, Дэйзи Гарднер, Джон Хоберг"
Гудини,"Эдриан Броуди, Кристен Коннолли, Ивэн Джонс, Тим Пиготт-Смит, Том Бенедикт Найт, Шон Уильямсон, Эстер Оноди, Луис Мертенс, Джереми Вилер, Кэролайн Бултон, Джон Дебни, Тибор Лазар, Биргит Хаттер, Мелани Дж. Бэйкер, Ули Эдель, Дэвид Битти, Сабрина Плиско, Карл Вальтер Линденлауб, Джералд В. Абрамс, Андрас Хамори, Ильдико Кемень, Дэвид Минковски, Николас Мейер, Бернард С. Мейер"
Три богатыря и Наследница престола,"Сергей Маковецкий, Дмитрий Быковский-Ромашов, Валерий Соловьев, Олег Куликович, Анатолий Петров, Екатерина Гороховская, Юрий Тарасов, Михаил Черняк, Дмитрий Высоцкий, Александр Боярский, Константин Бронзит, Максим Сергеев, Михаил Чертищев, Константин Бронзит, Сергей Глезин, Сергей Сельянов, Александр Боярский, Вадим Свешников, Максим Свешников, Константин Бронзит"
Тётечка Эдна,"Брэд Бёрд, Крэйг Т. Нельсон, Илай Фучиле, Маив Эндрюс, Николас Бёрд, Майкл Джаккино, Тед Мато, Брэд Бёрд, Сергей Фролов, Михаил Хрусталёв, Тед Мато"
Нотр-Дам в огне,"Самюэль Лабарт, Жан-Поль Бордес, Мишель Шириньян, Жюль Садуги, Жереми Лаэрт, Хлоя Жуанне, Вассили Шнайдер, Ава Байа, Себастьян Лаланн, Саймон Франглен, Адриен Дюран, Алексис МакКензи Майн, Доминик Муасан, Джесси Купперман, Жан-Жак Анно, Рейнальд Бертран, Жан-Мари Дрюжо, Ардаван Сафэ, Жером Сейду, Жан-Ив Асселин, Мари де Сениваль, Жан-Жак Анно, Томас Бидеген"
Лиза-лиса,"Моника Бальшаи, Сабольч Беде Фазекаш, Дэвид Сакурай, Зольтан Шмид, Антал Черна, Пирошка Мольнар, Габор Ревицки, Марианн Кочиш, Аги Губик, Лехель Ковач, Даниел Ченгери, Амбруш Тёвишхази, Иболиа Бардоши, Балинт Диосеги, Петер Гантнер, Габор Надь, Карой Уй Месарош, Юдит Чако, Петер Сатмари, Иштван Майор, Чанад Дарваш, Габор Ференци, Балинт Хегедюш, Карой Уй Месарош"
Школьные духи,"Пейтон Лист, Кристиан Флорес, Майло Манхейм, Спенсер Макферсон, Киара Пикардо, Сара Яркин, Ник Пульезе, Рэйнбоу Уэделл, Джош Цуккерман, Мария Диззия, Кристина Лайн, Джессика Фиш, Беверли Хюн, Брайан Дэннели, Ханна Макферсон, Макс Уинклер, Лори Болл, Роберт Латтанцио, Крэйг Дин Дивайн, Дональд Петерсен, Дон Данн, Джойс Сава, Оливер Голдстик"
Зоология,"Наталья Павленкова, Дмитрий Грошев, Ирина Чипиженко, Маша Токарева, Александр Горчилин, Нина Свиридова, Владимир Сергеев, Валентина Попова, Людмила Шестакова, Юлия Пимкина, Анна Чистова, Иван И. Твердовский, Александр Микеладзе, Наталья Мокрицкая, Мила Розанова, Ульяна Савельева, Гийом де Сей, Иван И. Твердовский"
Разрывы,"Синква Уоллс, Эфтон Уильямсон, Тристан Уайлдс, Антуан Харрис, Дэвид Колл, Вуд Харрис, Дж. Бернард Кэллоуэй, Уильям Джексон Харпер, Энн Маркли, Артур Йонгевард, Цейра Уэллс, Жаклин Джейкобсон Скарфо, Сет Манн, Джон Чимплс, Алекс Холл, Эванс Браун, Гари Джудиче, Билл Флэнеган, Сет Манн"
Джон Уик 4,"Киану Ривз, Донни Йен, Билл Скарсгард, Шамир Андерсон, Иэн Макшейн, Хироюки Санада, Рина Саваяма, Скотт Эдкинс, Марко Сарор, Лоренс Фишбёрн, Тайлер Бейтс, Джоэл Дж. Ричард, Эмиль Бирк, Жиль Буалло, Карим Хеир, Режи Мардуэль, Андреас Ольсхаусен, Корнелия Отт, Крис Шрайвер, Тьерри Земмур, Пако Дельгадо, Марк Росински, Чад Стахелски, Нэйтан Орлофф, Дан Лаустсен, Эрика Ли, Рафаэль Бенолье, Кристоф Фиссер, Максим Дахненко, Александр Матвеев, Станислав Тикунов, Сергей Анненков, Владимир Антоник, Шэй Хаттен, Майкл Финч, Дерек Колстад"
Легенда о демонической кошке,"Хуан Сюань, Сёта Сомэтани, Китти Чжан, Эрик Цинь, Сандрин Пинна, Лю Хаожань, Охо Оу, Эдвард Чжан, Хироси Абэ, Тянь Юй, Клаус Бадельт, Ёдзиро Нода, Чэнь Тунсюнь, Чэнь Кайгэ, Цао Юй, Ширли Као, Чэнь Хун, Хань Саньпин, Чэнь Кайгэ, Ван Хуэйлин, Баку Юмэмакура"
Бардо,"Даниэль Хименес Качо, Гризельда Сицилиани, Химена Ламадрид, Икер Санчес Солано, Луис Кутюрье, Луз Хименез, Андрес Альмейда, Клементина Гвадаррама, Джей О. Сэндерс, Франсиско Рубио, Брайс Десснер, Алехандро Гонсалес Иньярриту, Роберто Бонелли, Эзра Буэнросто, Карлос Косио, Карлос Й. Хакес, Ана Террасас, Даниэла Рохас, Алехандро Гонсалес Иньярриту, Алехандро Гонсалес Иньярриту, Моника Салазар, Дариус Хонджи, Алехандро Гонсалес Иньярриту, Пол Барбо, Наталия Гонсалес, Алехандро Гонсалес Иньярриту, Николас Джакобоне"
Один клик,"Иван Мулин, Александра Власова, Ангелина Поплавская, Дмитрий Фрид, Аскар Нигамедзянов, Мария Гуськова, Ирис Лебедева, Даня Андрущук, Евгений Зеленский, Али Эмирбеков, Михаил Хлечан, Сергей Филатов, Иван Зубков, Михаил Сенин, Филипп Нестеров, Карина Буцилина, Кирилл Дренясов, Лиса Астахова, Олег Курочкин, Алексей Смолянников"
Ип Ман,"Кевин Чэн, Сесилия Хань, Крисси Чау, Юэнь Ва, Брюс Люн, Юй Жунгуан, Сун Ян, Сун Цзя, Чжан Бо, Люн Ка-Янь"
Слепые свидания,"Андро Сакварелидзе, Иамзе Сухиташвили, Арчил Кикодзе, Вахтанг Чачанидзе, Кахи Кавсадзе, Марина Карцивадзе, Марика Антадзе, Софо Гвритишвили, Джано Изория, М. Егутия, Тинатин Квиникадзе, Ираклий Мчедлидзе, Леван Когуашвили, Леван Когуашвили, Нодар Нозадзе, Тато Котетишвили, Леван Когуашвили, Сулико Цулукидзе, Олена Ершова, Кетеван Мачавариани, Борис Фрумин, Леван Когуашвили, Андро Сакварелидзе"
Растягивая время,"Сергей Сафронов, Александр Ткач, Альбина Чайкина, Владимир Левкин, Виктория Левкина, Артём Алискеров, Петр Криворотько, Ростислав Павлов, Ольга Смирнова, Олег Ткаченко, Дмитрий Борисов, Сергей Логвин, Михаил Выборный, Анастасия Маркович, Владлена Евтушенко, Анна Колодезнева, Данила Мальцев"
ФБР: Самые разыскиваемые преступники,"Рокси Штернберг, Киша Касл-Хьюз, Алекса Давалос, Джулиан МакМэхон, Яя Госселин, Келлан Латс, Мигель Гомес, Дилан МакДермотт, Эдвин Ходж, Натаниель Арканд, Атли Эрварссон, С.Дж. Симпсон, Чарли Бил, Галина Гебаровиц, Кен Джиротти, Милена Гович, Жан Де Сегонзак, Джим МакКэй, Террелл Клегг, Меган Д’Арко, Марк Поллон, Лес Батлер, Билл Клэйер, Фрэнк Дж. ДеМарко, Дэниэл Паттерсон, Дик Вульф, Ричард Сверен, Террелл Клегг, Питер Янковский, Рене Балсер, Крэйг Турк, Ричард Сверен, Мелисса Скривнер"
Муза,"Евгений Миронов, Анастасия Салтыкова, Пётр Дранга, Антон Минеев, Дмитрий Туприн, Евгений Миронов, Пётр Дранга"
Любовь к жизни,"Паола Оливейра, Мэлвино Сальвадор, Жулиану Казарре, Матеус Солано, Барбара Пас, Леона Кавалли, Андерсон Ди Риззи, Каролина Кастинг, Жози Антелло, Марсело Флорес, Лабиби Симау, Андре Баррош, Андре Фелипе Биндер, Мауру Мендонса Филью, Марко Родриго, Уильям Алвес, Валерия Баррош, Андре Лейте, Роберто Мариано, Серджио Марини, Волф Майя, Флавиу Наскименто, Валсир Карраско, Дэйзи Шавес, Элен Гарсиа, Марсио Айдукк"
Свитуотер,"Эверетт Осборн, Кэри Элвес, Джереми Пивен, Кевин Поллак, Ричард Дрейфусс, Джеймс Кэвизел, Эрик Робертс, Эрнест Харден мл., Роберт Ричард, Джефф Кардони, Мартин Гиги, Тиффани Хасбурн, Дональд Краффт, Мартин Гиги, Эрик Поттер, Массимо Зери, Джоси В. Конски, Мартин Гиги"
Ложный вызов,"Артем Маликов, Татьяна Плетнева, Гибум Пьен, Екатерина Алексеева, Влад Волков, Надежда Волкова, Елизавета Пичугина, Данис Шарипов"
Трепалиум,"Леони Симага, Пьер Деладоншам, Ронит Элькабец, Орельен Рекуан, Лубна Азабаль, Шарль Берлен, Оливье Рабурден, Тибо Эврар, Тауфик Жаллаб, Сара Штерн, Тьери Вестермейер, Карин Шарпентье, Винсент Ланно, Фредерик Броос, Како Кельбер, Давид Кайе, Катя Раис, Танги Декейсер, Софи Хиет, Себастьян Мунье, Тома Кайе"
Ханна,"Эсме Крид-Майлс, Мирей Инос, Аня Роуз Дейли, Шеррелль Скит, Дермот Малруни, Юэль Киннаман, Энтони Уэльс, Джофф Барроу, Бен Солсбери, The Insects, Доминик Робертс, Кэт Ло, Мартон Ворос, Угла Хёйксдоуттир, Ева Хассон, Андерс Энгстрем, Джон Джонс, Хэйзел Бейлли, Мортен Хёйбьерг, Пол Баннер, Селия Хэйнинг, Олли Дауни, Стивен Мерфи, Дана Гонсалес, Марк Паттен, Дэвид Фарр, Эндрю Вудхед, Марти Адельштейн, Дэвид Фарр, Сет Локхед"
Магомаев,"Милош Бикович, Ирина Антоненко, Светлана Устинова, Александр Нестеров, Александр Соколовский, Алёна Ивченко, Артем Волобуев, Никита Тарасов, Михаил Станкевич, Митя Лабуш, Алексей Чинцов, Дарья Зонова, Дмитрий Тюрин, Роман Прыгунов, Михаил Романов, Мариус Блинтрубас, Юрий Кокошкин, Алексей Морозов, Данила Шарапов, Петр Ануров, Леонард Блаватник, Нелли Яралова, Данил Щебланов, Нина Шулика, Дарья Воротынцева"
Короткое слово нет,"Дмитрий Белякин, Марина Митрофанова, Ян Цапник, Станислав Боклан, Максим Дахненко, Вера Шпак, Александра Хаснудинова, Сергей Воляновский, Тарас Цимбалюк, Дарья Легейда, Сергей Щербин, Владимир Воронин, Антон Вербин, Екатерина Швец, Мария Алексеева, Владимир Иссат, Сергей Каратаев, Игорь Агеев"
"Ништяк, браток","Джонни Райан, Лиза Ханауолт, Эмили Хеллер, Сью Блэкмор, Артур Джонс, Дрю Блатман, Аарон Уикенден, Джорджо Анджелини, Гай Моссман, Джорджо Анджелини, Кэрин Капотосто, Аарон Уикенден, Джорджо Анджелини, Артур Джонс, Аарон Уикенден"
Оскар. История Голливуда,"Анжелика Хьюстон, Билли Кристал, Том Хэнкс, Шер, Роберт Осборн, Эллен Бёрстин, Фил Олден Робинсон, Джордж Клуни, Джейсон Райтман, Дженнифер Хадсон, Джефф Бил, Эйдан Фиорито, Роб Эпштейн, Джеффри Фридман, Брэд Фуллер, Брайан Джонсон, Джейк Пушински, Нэнси Шрайбер, Роб Эпштейн, Джеффри Фридман, Кристофер Пэвлик, Рик Спалла, Роб Эпштейн, Джеффри Фридман, Шэрон Вуд"
Врата Штейна: Ноль,"Саюри Яхаги, Мамору Мияно, Кана Ханадзава, Ёдзи Уэда, Юкари Тамура, Харуко Момои, Томокадзу Сэки, Мая Нисимура, Саори Гото, Хина Кино, Такэси Або, Моэ Хюга, Нобуаки Нобусава, Такэси Кодака, Кэнъити Кавамура, Хитоми Судо, Томоюки Сиокава, Макото Тиба, Гэн Фукунага, Даидзи Хориути, Наодзи Хонокидани, Татьяна Борзова, Александр Русаков, Анна Мосолова, Ирина Евтягина, Влад Токарев, Дзюкки Ханада, Наотака Хаяси, Тацуя Мацубара, Такуя Нисимура"
Дэаимон,"Нобунага Симадзаки, Кодзуэ Юки, Саяка Охара, Рикия Кояма, Хироси Ивасаки, Такума Нагацука, Минори Судзуки, Минами Такахаси, Сацуки Юкино, Ёсицугу Мацуока, Рэн Такада, Юмико Куга, Сакаэ Сибуя, Фумитоси Оидзаки, Акари Саито, Даиго Мацумото, Такуя Ёсиока, Хитоми Амамия, Рэйко Ёсида, Рин Асано"
Долина рыцарей,"Стелла Стенман, Бьярте Тьёстейм, Тоне Беата Мостраум, Ветле Квенилд Верринг, Кюрре Хеллум, Эмма Ребекка Сторвик, Херборг Крокевик, Мария Брандсхауг, Симон Лэй, Силье Мари Корснес, Джиндж Анвик, Луиз Андерссон, Иржи Стернуолд, Нелл Кнудсен, Тале Персен, Видар Флатокан, Гауте Гуннари, Ларс Андреас Хеллебуст, Фредерик Ховард, Фредрик Стобакк, Павел Берцик, Харальд Розенлёв-Эг, Ларс Гудместад"
"Некрасивая подружка. Страшная, страшная сказка","Елена Муравьева, Николай Иванов, Борис Щербаков, Светлана Тимофеева-Летуновская, Юлия Юрченко, Филипп Азаров, Виталий Сазонов, Ольга Прокофьева, Анна Полупанова, Анастасия Семёнова, Ярослав Беседин, Ярослав Орляченко, Павел Витко, Ольга Петрова, Анастасия Деева, Марина Семяновская, Владимир Янковский, Вячеслав Михайлов, Ольга Серова, Павел Серов, Ольга Земчугова, Екатерина Скиданова"
Черная книга няни,"Спенсер Лок, Райан МакПартлин, Перри Ривз, Энджелин Аппель, Лорен Йорк, Стефани Брасс, Дэвид Шатроу, Стэйси Эдвардс, Эшли Дьюлени, Расс Ховард III, Анна Ллойд-Джонс, Ли Фридлендер, Питро Цюргер, Роберт Балло, Кен Сандерс, Ронни Д. Клеммер, Тим Джонсон, Ричард Клеттер, Мишель Самит"
Atari: конец игры,"Зак Пенн, Нолан Бушнелл, Шеймас Блэкли, Ховард Скотт Уоршоу, Стивен Эндельман, Зак Пенн, Эндрю Секлир, Эрик Зиммерман, Френсис Гаспарини"
Снежные приключения Солана и Людвига,"Кари Анн Грёнсунд, Тронд Хёвик, Тронд Бренне, Каре Конради, Джон Ф. Брунгот, Торалв Морстад, Андерс Бай, Якоб Офтебро, Эли Анне Линнестад, Эйлиф Хеллум Норакер, Кнут Авенструп, Расмус А. Сивертсен, Янне Хансен, Мортен Скаллеруд, Корнелия Бойсен, Фредрик Фоттланд, Ове Хайборг, Антон Колесников, Станислав Стрелков, Сергей Чихачёв, Дмитрий Поляновский, Константин Карасик, Карстен Фуллу, Кьелль Аукруст, Харольд Соммерин Симоннес"
Мы все мертвы,"Пак Чи-ху, Юн Чхан-ён, Чо И-хён, Пак Соломон, Ю Ин-су, Ли Ю-ми, Ким Бён-чхоль, Ли Гю-хён, Чон Бэ-су, Ли Ын-сэм, Моуг, Ян Хи-хва, Ли Джэ-гю, Ким Нам-су, Щин Мин-гён, Пак Сэ-сын, Пак Чхоль-су, Хам Ён-хун, Сон Ги-вон, Чхон Сон-иль, Чу Дон-гын"
Двойной мир,"Генри Лау, Питер Хо, Линь Чэньхань, Цзян Луся, Ло Чун-Хим, Ху Мин, Тайгер Сюй, Марк Чэн, Ши Ши, Чжан Нинцзян, Питер Кам, Лам Вай-Кин, Кеннет Мак, Су Чжиюн, Тедди Чань, Яу Чи-Вай, Ян Тао, Чин Поу-Сой, Дэнь Цзюньцзе, Ла Пэйкан, Лю Фэньдоу, Вэнь Нин"
Отель «Феникс»,"Александра Каштанова, Лиана Гриба, Иван Ивашов, Владислав Мезенин, Анастасия Буткова, Олег Алмазов, Елена Захарова, Никита Маркеев, Олег Шапков, Игорь Ботвин, Валерий Царьков, Владимир Койфман, Ксения Бурдинова, Магомед Халухаев, Родион Павлючик, Юлия Соболевская, Татьяна Воротягина, Наталия Микрюкова, Михаил Бобровник, Анна Смольнякова, Андрей Терехов"
Лобстер,"Колин Фаррелл, Рэйчел Вайс, Джессика Барден, Оливия Колман, Джон Си Райли, Ариана Лабед, Аггелики Папоулья, Бен Уишоу, Леа Сейду, Майкл Смайли, Сара Бленкинсоп, Йоргос Лантимос, Йоргос Мавропсаридис, Тимиос Бакатакис, Симон Арналь, Каролин Беньо, Джули Билли, Кайт Коллинз, Йоргос Лантимос, Эфтимис Филиппоу"
"Робот, Сори","Ли Сон-мин, Ли Хи-джун, Ли Ха-ни, Ким Вон-хэ, Чхэ Су-бин, Щим Ын-гён, Рю Джун-ёль, Чон Гук-хван, Квак Щи-ян, Чон Хе-джин, Мок Ён-джин, Ким Джон-вон, Ю Чхон, Ли Хо-джэ, Нам На-ён, Чон Ге-хён, Чу Сон-ним, Ли Со-ён"
Рожденный в рубашке,"Мейргат Амангелдин, Фариза Ескермес, Ербол Семкулов, Шырын Базаркулова, Санжар Омаров, Каршыга Оспанов, Батыр Сазаханов, Санжар Омаров"
Неверный,"Джансу Дере, Джанер Джиндорук, Мелис Сезен, Озге Оздер, Гёзде Седа Алтунер, Алп Акар, Назлы Булум, Таро Эмир Текин, Зеррин Нишанджи, Джем Огет, Альпер Кетенджи, Онур Туг, Неслихан Есилюрт, Левент Тюркан, Чагри Эдже, Фатих Аксой, Седа Пекер, Майк Бартлетт, Мерве Гиргин"
Ни шагу назад!,"Валентина Попова, Гела Месхи, Мария Шукшина, Федор Гуринец, Настасья Зюркалова, Тамара Миронова, Алена Медведева, Марина Поддубная, Светлана Косолапова, Инна Коляда, Дмитрий Матвийчук, Дмитрий Сорокин, Жора Фероренко, Петр Дьяков, Сергей Павленко, Александра Воронина, Ирина Курчакова, Анна Безлюдная, Алексей Марущак, Григорий Зеланд"
Синичка 2,"Глафира Тарханова, Сергей Губанов, Татьяна Лютаева, Владислав Ветров, Кирилл Запорожский, Алексей Демидов, Аристарх Ливанов, Алёна Константинова, Максим Битюков, Александр Хмельницкий, Алексей Артишевский, Валентина Власова, Ольга Марченко, Алексей Петренко, Дмитрий Горевой, Рубен Дишдишян, Иоганна Алексанян, Ирина Путятина, Максим Максимов, Анна Рулевская, Иоганна Алексанян, Элина Курбатова"
Последний человек на Земле,"Уилл Форте, Кристен Шаал, Дженьюэри Джонс, Мэл Родригес, Клеопатра Коулмэн, Мэри Стинберген, Кит Л. Уильямс, Джейсон Судейкис, Борис Коджо, Кеннет Чои, Марк Мазерсбо, Джон Энрот, Роберт Фокс, Дэниэл Турк, Сандра Барнс, Бет Морган, Дуринда Вуд, Джон Соломон, Джейсон Уолинер, Дэвид Ноэль, Пэймэн Бенц, Сэм Сейг, Джош Шеффер, Стэйси Шредер, Карл Херц, Энтони Хардвик, Кристиан Спренгер, Сет Коэн, Эрик Дарбин, Уилл Форте, Фил Лорд, Уилл Форте, Уилл Херндон, Тим МакОлиффи"
Мальмкрог,"Фредерик Шульц-Рихард, Агате Бош, Марина Пали, Диана Сакалаускайте, Уго Бруссо, Иштван Теглас, Зои Пую, Сорин Добрин, Симона Гита, Юдит Стате, Оана Пэунеску, Кристи Пую, Драгос Апетри, Андрей Янку, Тудор Владимир Пандуру, Анка Пую, Юрген Андерссон, Анамария Антоци, Энтони Мьюир, Кристи Пую, Владимир Соловьев"
Клерк,"Арсений Робак, Ингрид Олеринская, Джемал Тетруашвили, Игорь Хрипунов, Екатерина Стулова, Кирилл Емельянов, Александра Богданова, Максим Лагашкин, Николай Шрайбер, Юля Арутюнова, Алексей Артишевский, Дмитрий Коробкин, Александр Головко, Дмитрий Коробкин, Джаник Файзиев, Рафаел Минасбекян, Сергей Багиров, Александр Бондарев, Юлия Власова, Василий Абдрашитов, Мария Рождественская, Валентин Спиридонов"
Авантюристы,"Александр Молочников, Дарья Пантелеева, Савва Савельев, Анна Карпова, Евгения Зобнина, Иван Зубков, Ринат Халеков, Иван Юдин, Максим Ермоленко, Михаил Оркин, Ольга Филипук, Родион Чепель, Полина Шевченко, Илья Карпухин, Евгения Зобнина, Анна Карпова, Савва Савельев"
Территория,"Константин Лавроненко, Григорий Добрыгин, Егор Бероев, Ксения Кутепова, Евгений Цыганов, Владислав Абашин, Герасим Васильев, Константин Шелестун, Константин Балакирев, Олег Шапков, Туомас Кантелинен, Гуля Бейшенова, Ренат Гонибов, Александр Мельник, Екатерина Старовойтова, Игорь Гринякин, Антон Мельник, Ирина Борисова, Татьяна Емченко, Виктория Лупик, Александр Мельник, Михаил Александров, Олег Куваев"
Самая длинная неделя,"Дженни Слейт, Оливия Уайлд, Билли Крудап, Джейсон Бейтман, Тони Робертс, Лаура Клери, Уильям Абади, Александра Нил, Шеймус Дэви-Фицпатрик, Джей Израэльсон, Хайди Бивенс, Эми Уильямс, Питер Гланц, Сара Флэк, Бен Катчинс, Неда Армиан, Удай Чопра, Сирад Бальдуччи, Стоун Дугласс, Питер Гланц, Хуан Иглесиас"
Четыре женщины,"Наталия Вдовина, Яна Сексте, Анна Багмет, Джульетта Геринг, Максим Битюков, Игорь Балалаев, Максим Михалев, Антонина Журавлева, Софья Озерова, Егор Харламов, Тимофей Рябушинский, Антон Коломеец, Егор Кочубей, Анастасия Ясева, Андрей Золотуха, Антон Коломеец, Галина Тихомолова"
Страна джунглей,"Чарли Ханнэм, Джек О’Коннелл, Нахим Гарсиа, Фрэн Кранц, Патрик М. Уолш, Джонатан Мэйджерс, Джессика Барден, Мередит Холцман, Ник Маллен, Лорн Бэлф, Майкл Стоун, Мишель Томпсон, Дебра Экхард, Макс Уинклер, Томас Венгрис, Дамиан Гарсиа, Теодор Брессман, Джулс Дэйли, Б. Тед Дейкер, Брэд Фейнштейн, Илья Хвостиков, Иван Калинин, Антон Колесников, Александр Носков, Василиса Эльдарова, Теодор Брессман, Дэвид Брэнсон Смит, Макс Уинклер"
Агнета: АББА и после неё,"Бенни Андерссон, Гари Барлоу, Тони Блэкберн, Агнета Фельтског, Тим Райс, Бьёрн Ульвеус, Саманта Питерс, Саманта Питерс"
Влюбленный адвокат по разводам,"Чо Ё-джон, Ён У-джин, Щим Хён-тхак, Ван Джи-вон, Хван Ён-хи, Ли Дон-хви, Мэн Сан-хун, Ли Эль, Ким Гап-су, Ли Бит-на, Пак Ён-сун, Ким А-джон"
Вместе со мной,"Пимнитчакун Бумрунгит, Наттапол Дилокнаварит, Пакорн Тханасриванитчаи, Трипобпхум Сутхапхонг, Тхитичая Чивприча"
Творцы снов,"Эмили Коппель, Каролин Ведель, Расмус Ботофт, Мартин Бух, Дитте Хансен, Мортен Камук Андерсен, Стиг Хоффмайер, Альберта Виндинг, Миа Лердам, Кристиан Эйднс Андерсен, Ким Хаген Йенсен, Тонни Зинк, Рикке Селин, Нюнне Силин, Сунит Парех, Анетт Иверсен, Солвейг Лангеланд, Лина Иванова, Оксана Гринько, Роман Солошенко, Екатерина Буцкая, Юрий Высоцкий, Сёрен Гриндерслеу Хансен, Ким Хаген Йенсен"
Хокусай в Британском музее,"Асканио Бранка, Энди Серкис, Том Смайл, Патриша Уитли, Герард Эванс, Патриша Уитли, Марк Белл, Джеймс Нортон"
По праву любви,"Анастасия Иванова, Вадим Головко, Александр Рудько, Владлена Марчак, Ольга Радчук, Анастасия Сердюк, Елена Бондарева-Репина, Павел Москаль, Владимир Заец, Борис Книженко, Алексей Петрожицкий, Майя Сомова, Роман Нижник, Татьяна Гнедаш, Денис Пономаренко, Татьяна Гнедаш, Ярослава Сегал, Елена Писларий, Анастасия Лещинская"
Залёт,"Кэти Винсент, Оксана Трофименко, Стив Гоффнер, Ашер Морган, Ашер Морган, Ашер Морган, Энди Кауэн, Ашер Морган"
Умный котенок,"Денис Соловьев, Денис Соловьев, Сергей Жданович, Сергей Жданович"
В поисках Валькирии,"Галина Сокольская, Дарья Машанова, Геннадий Филин, Наталья Веревкина, Наталья Веревкина, Георгий Худадян, Алексей Русинов, Алексей Русинов, Наталья Веревкина, Елена Жигалова"
Раскосяченные,"Кэти Бейтс, Аарон Мотен, Элизабет Альдерфер, Тони Белл, Элизабет Хо, Дуги Болдуин, Бетси Содаро, Крис Редд, Николь Салливан, Майкл Трукко, Джозеф ЛоДука, Конни Беттгер, Марисса Борсетто, Питер М. Гурски, Ричи Кин, Джеймс Уиддоуз, Джеймс Берроуз, Джим Майли, Крис Пулус, Питер Смоклер, Крис Аррингтон, Мона Гарсиа, Бренда Хсю, Уилл Хэйес, Чак Лорри, Уоррен Белл"
Родословная,"Кайл Чандлер, Линда Карделлини, Норберт Лео Батц, Джасинда Бэрретт, Джейми МакШейн, Сисси Спейсек, Кэти Финнеран, Энрике Мурсиано, Бен Мендельсон, Хлоя Севиньи, Джеймс С. Левайн, Тони Моралес, Эдвард Роджерс, Джейсон Болдуин Стюарт, Скотт Дж. Андерсон, Кевин Хардисон, Микаэль Хофстрём, Тодд А. Кесслер, Эдвард Бьянчи, Майкл Моррис, Джош Бил, Наоми Джерати, Дебора Моран, Луиз Иннес, Хайме Рейносо, Даррен Лью, Гленн Кесслер, Тодд А. Кесслер, Дэвид Мэнсон, Мелани Хупес, Дэниэл Ветер, Дэвид Мэнсон"
Начать с нуля!,"Валентина Лодовини, Нери Маркоре, Либеро Де Риенцо, Дино Аббрешия, Андреа Писани, Николя Ночелла, Флора Канто, Франческо Черази, Кристина Аудизио, Андреа Каваллетто, Барбара Томада, Гуидо Кьеза, Альберто Маси, Эмануеле Паске, Маурицио Тотти, Алессандро Усай, Андреа Граццани, Антонио Таччиа, Диего Айала, Джованни Боньетти, Гуидо Кьеза, Николетта Микели"
Марианна,"Виктуар Дю Буа, Люси Бужена, Тифен Давьо, Ральф Амуссу, Мехди Мескар, Альбан Ленуар, Коринн Валанкон, Патрик д’Асумсао, Тома Каппо, Сэмюэл Бодин, Дмитрий Амар, Оливье Гальяно, Ришар Риффо, Филип Лозаньо, Юбер Бро, Паскаль Бретон, Анри Деберм, Марк Либерт, Сэмюэл Бодин, Куок Данг Чан"
Полулюди 2,"Мамору Мияно, Микако Комацу, Хотю Оцука, Такахиро Сакурай, Даисукэ Хиракава, Ая Судзаки, Хироюки Киноса, Дзюн Фукуяма, Юго Канно, Хироаки Андо, Гамон Сакурай"
Инугами и Нэкояма,"Нао Тояма, Сумирэ Уэсака, Тэцуя Кобаяси, Синпэй Нагаи"
Шекспир. Предостережение королям...,"Владимир Познер, Дэниэл Бойд, Донал Кокс, Гари Рэймонд, Фредди Стюарт, Рэй Фиарон, Екатерина Чемберджи, Валерий Спирин, Антон Бенеш, Владислав Черняев, Владимир Познер, Надежда Соловьева, Дарья Прохорова, Елена Быкова, Ольга Спирина"
На твоей стороне,"Дана Абызова, Дмитрий Ратомский, Сергей Калантай, Сергей Радченко, Федор Гуринец, Ирина Мельник, Ирина Новак, Александр Соколов, Сергей Деньга, Валентина Пугачёва, Александр Чёрный, Александр Кириенко, Андрей Черных, Екатерина Некрасова, Ольга Золотарева, Дмитрий Баженов, Павел Небера, Алексей Калин, Наталья Стрибук, Виктория Корогод, Игорь Волков, Сергей Баранов, Лана Куйбина, Анастасия Лещинская, Диляра Шкурко, Марина Радык"
Досье лорда Эль-Меллоя II,"Даисукэ Намикава, Рэина Уэда, Инори Минасэ, Даисукэ Оно, Сидзука Ито, Юко Минагути, Кэндзи Номура, Михо Окасаки, Даисукэ Хиракава, Юсукэ Кобаяси, Юки Кадзиура, Акира Ито, Макото Като, Сёта Мигияма, Томонобу Като, Наото Касахара, Сидзука Куросаки, Тосиюки Нагано, Иван Породнов, Анна Мосолова, Ирина Евтягина, Сергей Кубасян, Татьяна Борзова, Укё Кодати, Киёмунэ Мива, Ко Сигэнобу, Макото Санда"
Креветки в пайетках,"Николя Гоб, Альбан Ленуар, Микаэль Абитбуль, Давид Байот, Ромен Ланкри, Джеффри Куэ, Ромен Бро, Томас Кузинье, Фредерик Кушманян, Максим Говаре, Самуэль Данеси, Жером Альмерас, Игорь Нола, Йоанн Комт, Эдуард Дюпрей, Максим Говаре"
Чудо,"Ким На-хён, Хон Юн-хва, Ким Дон-хён, Хак Чин, Ким Джи-сон, Ли Ён-нё, Пак Тхэ-джун"
Выпускной класс,"Ребел Уилсон, Энгаури Райс, Мэри Холлэнд, Молли Браун, Сэм Ричардсон, Зейр Адамс, Зои Чао, Джастин Хартли, Тайлер Барнхардт, Джермэйн Стеголл, Эндрю Уайт, Сальвадор Перес мл., Кара Прайс, Алекс Хардкасл, Сара Лаки, Марко Фарноли, Крис Бендер, Тимоти М. Борн, Тодд Гарнер, Джереми Стейн, Брэндон Скотт Джонс, Эндрю Кнауэр"
Идеалистка,"Мария Пирогова, Дмитрий Ратомский, Максим Белбородов, Яна Чигир, Никита Лобанов, Ольга Плешкова, Борис Эстрин, Яна Аносова, Александр Овчинников, Евгений Куршинский, Мирослав Малич, Марина Хрипунова, Ирина Босова, Антон Прокопович, Антон Кальдин, Ольга Степнова, Дмитрий Степанов"
Разочарование,"Эбби Джейкобсон, Нат Факсон, Эрик Андре, Джон Ди Маджио, Тресс МакНилл, Шэрон Хорган, Дэвид Херман, Морис ЛаМарш, Билли Уэст, Рич Фулчер, Марк Мазерсбо, Мэрилин Франдсен, Дуэйн Кэри-Хилл, Питер Аванзино, Ира Шерак, Эдмунд Фонг, Крис Вэлланс, Джонатан Полк, Гай Хандельман, Рич Фулчер, Мэтт Грейнинг, Клаудия Кац, Вероника Саркисова, Дмитрий Филимонов, Александр Коврижных, Денис Некрасов, Анастасия Лапина, Джэми Энджелл, Мэтт Грейнинг, Джош Вайнштейн, Джефф Роу"
Банкир,"Энтони Маки, Сэмюэл Л. Джексон, Николас Холт, Ниа Лонг, Скотт Дэниел Джонсон, Джесси Ашер, Колм Мини, Пол Бен-Виктор, Джеймс ДюМонт, Тейлор Блэк, Х. Скотт Салинас, Даниэль Азиз, Энди Крамбли, Айеиша Ли, Линн Митчелл, Джордж Нолфи, Джоэль Виртел, Шарлотта Брюус Кристенсен, Ннамди Асомуга, Брэд Фейнштейн, Энтони Маки, Джордж Нолфи, Иван Калинин, Владимир Антоник, Сергей Анненков, Татьяна Шитова, Антон Колесников, Джордж Нолфи, Дэвид Льюис Смит"
Душа,"Джейми Фокс, Тина Фей, Грэм Нортон, Рэйчел Хаус, Анджела Бассетт, Алиси Брага, Ричард Айоади, Филисия Рашад, Доннел Роулингс, Амир-Халиб Томпсон, Трент Резнор, Аттикус Росс, Пауль Абадилья, Берт Берри, Тим Эватт, Пит Доктер, Кемп Пауэрс, Кевин Нолтинг, Мэтт Оспбэри, Иэн Мегиббен, Кири Зупер, Валери ЛаПойнт, Дана Мюррэй, Джонас Ривера, Диомид Виноградов, Дарья Фролова, Илья Бледный, Мариам Мерабова, Теона Контридзе, Пит Доктер, Майк Джонс, Кемп Пауэрс"
Скейт-кухня,"Рейчел Винберг, Деде Лавлэйс, Нина Моран, Кабрина Адамс, Аджани Расселл, Джейден Смит, Элизабет Родригес, Александр Купер, АСКА, Рэмси Скотт, Нора Мендис, Бритни Уэст, Кристал Мозелл, Нико Лёнен, Шабир Кирхнер, Кристал Мозелл, Лиззи Настро, Джулия Ноттинхэм, Мэттью Перникиаро, Кристал Мозелл"
Ложный вызов,"Артем Маликов, Татьяна Плетнева, Гибум Пьен, Екатерина Алексеева, Влад Волков, Надежда Волкова, Елизавета Пичугина, Данис Шарипов"
Марк Мэрон: Боли от ума,"Марк Мэрон, Сэм Липсайт, Том Шарплинг, Кристи Питре, Лэнс Бэнгс, Уэстон Карри, Дэвид Т. Рэй, Лэнс Бэнгс, Эрин Донован, Кэти Уэлш, Джей Чэпман, Марк Мэрон"
Побег из Москвабада,"Мария Машкова, Никита Панфилов, Микаэл Джанибекян, Джавахир Закиров, Александр Гришин, Екатерина Соломатина, Анастасия Бусыгина, Андрей Фролов, Кирилл Кяро, Камилла Мухлисова, Илья Духовный, Елена Медведко, Дарья Полторацкая, Дмитрий Авдошин, Сергей Дандурян, Юрий Сапронов, Юсуп Разыков"
Нозоми и Кимио,"Юсукэ Кобаяси, Сидзука Исигами, Аяка Сува, Масато Дзинбо, Джон Лэдфорд, Гриффин Вэнс, Хидэки Сиранэ, Вако Хонна"
Прыжок богомола,"Павел Чинарёв, Татьяна Лялина, Александра Никифорова, Яков Шамшин, Сергей Степанченко, Виктор Супрун, Владимир Терещенко, Анатолий Лобоцкий, Дмитрий Брауэр, Владимир Капустин, Филипп Чернов, Владимир Балкашинов, Дмитрий Маковеев, Александр Кушаев, Анастасия Кавуновская, Андрей Кретов, Григорий Акопян, Илья Авраменко"
Zillion. Клуб твоих грез,"Йонас Вермелен, Маттео Симони, Шарлотта Тиммерс, Барбара Сарафьян, Франк Веркрюссен, Герт Ван Рампельберг, Дирк Руфтхуфт, Коен Де Саттер, Элла Лейерс, Люк Вейнс, Герт Паредис, Катрин Ван Бри, Робин Пронт, Берт Якобс, Робрехт Хейверт, Хильде Де Лаере, Лоре Пьерро, Прохор Чеховской, Иван Калинин, Алия Насырова, Елена Харитонова, Алексей Войтюк, Кевин Мёль, Робин Пронт"
Тайная жизнь Кайла,"Миранда Косгров, Дэна Гайер, Нев Шаррел, Пьер Коффан, Брайан Т. Делани, Тара Стронг, Майкл Гатт, Питер Томашевич, Бретт Хоффман, Кристофер Меледандри, Роберт Тейлор, Тед Тревелстид, Джефф Лоуелл"
Игра на выживание,"Александра Бортич, Алексей Чадов, Игорь Верник, Линда Лапиньш, Владимир Верёвочкин, Беник Аракелян, Анастасия Тодореску, Валерий Скорокосов, Дэвид Пилиа, Юлия Волкова, Денис Дубовик, Светлана Москвина, Татьяна Княжева, Мария Вишневецкая, Александр Судаков, Карен Оганесян, Юлия Любомирова, Мария Маненкова, Серик Бейсеу, Юрий Коробейников, Валерий Федорович, Евгений Никишов, Нелли Яралова, Мария Шухнина, Вячеслав Яковлев, Максим Есаулов, Кирилл Муханов, Екатерина Попечителева"
Ещё одна настоящая любовь,"Филлипа Су, Люк Брейси, Симу Лю, Осеана Мацумото, Микаэла Конлин, Том Эверетт Скотт, Гэри Хадсон, Уна Яффе, Бет Бродерик, Лорен Том, Нэйтан Ван, Илэйн Монтальво, Рэйчел Уилкин, Энди Фикмен, Грег Гардинер, Энди Фикмен, Сара Финн, Эрианн Фрайзер, Майкл Джефферсон, Алия Насырова, Александр Лучинин, Геннадий Новиков, Анна Киселёва, Александр Матвеев, Алекс Рейд, Тейлор Дженкинс Рейд"
Сын,"Арсений Ромашин, Мария Миронова, Андрис Кейшс, Юозас Будрайтис, Мирдза Мартинсоне, Гундарс Аболиньш, Лидия Байрашевская, Андрей Мерзликин, Ольга Сутулова, Гиртс Круминьш, Всеволод Саксонов, Николай Добкин, Вячеслав Росс, Елена Фаблова, Максим Трапо, Андрей Феофанов, Сергей Новиков, Максим Ковалевич, Владимир Щегольков, Вячеслав Росс, Тигран Агавелян"
Отель «Бо Сежур»,"Линн Ван Ройен, Жене Бервутс, Инге Паулуссен, Ян Хамменекер, Грит Верстрате, Крис Куппенс, Эмили Деру, Йохан ван Ассхе, Лизе Ферин, Макс Ван Эш, Катрин Маршан, Хендрик Ван Кец, Натали Бастен, Берт Якобс, Питер Смет, Антон Мертенс, Саския Вербовен, Марике Вутерс, Фридерик Гис, Санне Найенс, Санне Найенс, Натали Бастен"
Хроники ртути,"Кейт Вудс, Кемп Вудс, Бен Гез, Александра Кулак, Александра Кулак, Александра Кулак, Бен Гез, Миша Маклэрд"
Секретарша,"Ксения Лаврова-Глинка, Михаил Трухин, Илья Коробко, Екатерина Агеева, Любовь Толкалина, Сергей Комаров, Ёла Санько, Катя Кабак, Елена Бирюкова, Григорий Перель, Сергей Каширин, Елена Лисовская, Анжелика Плынова, Радда Новикова, Александра Терехова, Юрий Кокошкин, Александр Цекало, Иван Самохвалов, Лилия Гайнанова, Анастасия Фатеева, Иван Угаров, Белла Прибылова, Вячеслав Дурненков, Рина Верт"
Встретиться с драконом,"Дилан Ван, Бэмби Чжу, Чжу Цзаньцзинь, Расселл Тарг, Ян Чжиин, Хань Чжицзе"
Тайны острова Мако,"Чай Хансен, Доминик Дойчер, Джемма Форсайт, Роуэн Хиллс, Керит Эткинсон, Эми Раффл, Брук Николь Ли, Иззи Дюрант, Элли Бертрам, Люси Фрай, Рики Эдвардс, Бретт Эплин, Рик Формоса, Билл Бут, Люсинда МакГиган, Ленни Холмдал, Ивэн Кларри, Грант Браун, Питер Кромби, Роэн Купер, Ахмад Халими, Саймон Кристидис, Зенон Савко, Эндрю Кондер, Джулия Адамс, Черрие Боттгер, Джонатан М. Шифф, Стюарт Вуд, Прохор Чеховской, Диомид Виноградов, Наталья Казначеева, Максим Шишков, Елена Шульман, Джонатан М. Шифф, Марк Ширрефс, Рэйчел С. Морган, Сэм Кэрролл"
Общественная мораль,"Эдвард Бёрнс, Майкл Рапапорт, Элизабет Масуччи, Остин Стоуэлл, Рубен Сантьяго-Хадсон, Уасс М. Стивенс, Катрина Боуден, Брайан Уайлз, Кит Ноббс, Линдон Смит, П.Т. Уокли, Ану Шварц, Катрин Мари Томас, Дженнифер Алекс Никасон, Тора Петерсон, Эдвард Бёрнс, Джанет Гейнор, Элизабет Клинг, Уильям Рексер, Пол Ф. Бернард, Эдвард Бёрнс, Джастин Фэлви, Дэррил Фрэнк, Эдвард Бёрнс"
Вознесение,"Гил Беллоуз, Брайан Ван Холт, Брэндон Пи Белл, Триша Хелфер, Андреа Рот, Жаклин Байерс, Элли О’Брайен, Брэд Картер, Райан Роббинс, Тиффани Лонсдэйл, Тревор Моррис, Колумб Рэби, Джозеф Ганье, Вероника Маршессо, Жофруа Гослен, Майрзи Алмас, Ник Копус, Роберт Либерман, Винченцо Натали, Саймон Уэбб, Чантал Люссье, Мартин Пенса, Пьер Гилл, Джейсон Блум, Саманта Эллисон, Гари Эванс, Адриан Круз, Филип Левенс, Мелоди Фокс"
Убежище,"Луис Хофман, Александер Хельд, Штефан Гросман, Макс Римельт, Катарина Лоренц, Уве Бом, Лэнгстон Уйбель, Энно Требс, Оле Йоенссон, Анна Буллард-Вернер, Энн Никитин, Марк Браммунд, Ганс Функ, Юдит Кауфман, Рюдигер Хайнце, Штефан Спорберт, Стефани Гросс, Моника Кинтнер, Николь Армбрустер, Марк Браммунд"
"Руби, собака-спасатель","Грант Гастин, Скотт Вулф, Кайла Зандер, Камилль Салливан, Том Макбет, Шэрон Тейлор, Эйлин Педде, Грэм Беддос, Джуд Калэм-Киз, Теодоро Таннахилл, Джой Нгиау, Джиллиан Ван Сантен, Ариана Прис, Кэтт Ши, Ричард Норд, Девид Берковини-Эртиеда, Джейн Чарльз, Брайан Готт, Дэн Энджел, Луиз ДюАрт, Глеб Гаврилов, Илья Хвостиков, Татьяна Абрамова, Анна Киселёва, Александр Новиков, Карен Джансзен, Скуайр Д. Рашнелл, Луиз ДюАрт"
Не сдавайся!,"Хан Джи-хён, Пэ Ин-хёк, Ким Хён-джин, Чан Гю-ри, Ли Ын-сэм, Ян Дон-гын, Ли Мин-джэ, Квон Хёк, Чон Щин-хе, Хан Е-джи, Хан Тхэ-соп, Чха Хэ-вон"
Контроль,"Дэниэл У, Яо Чэнь, Леон Дай, Саймон Ям, Кара Хуэй, Ади Ань, Шао Бин, Фэн Цзяи, Боцзе Хао, Эдди Пан, Дэн Накамура, Андре Матиас, Алекс Мок, Тина Лау, Кеннет Би, Кеннет Би, Роман Якоби, Стивен Фун, Стефен Лам, Роза Ли, Дэниэл У, Кеннет Би, Джек Месситт"
Сёстры,"Люк Винчигуэрра, Аньес Слимовичи, Паскаль Мирло, Аньес Бидо"
Любовь в ночи,"Чжан Юйси, Лю Сюэи, Чжао Юаньюань, Гу Цзычэн, Ли Цзифэн, Линь И, Вэнь Жуй"
Джуманджи: Зов джунглей,"Дуэйн Джонсон, Кевин Харт, Джек Блэк, Карен Гиллан, Риз Дэрби, Бобби Каннавале, Ник Джонас, Алекс Вулф, Сер’Дариус Блэйн, Мэдисон Айсмен, Генри Джекман, Стив Купер, Хьюго Сантьяго, Лаура Джин Шеннон, Рональд Р. Рейсс, Джейк Кэздан, Стив Эдвардс, Марк Хелфрич, Дьюла Падош, Тед Филд, Дэни Гарсиа, Хирам Гарсиа, Дэвид Б. Хаусхолтер, Денис Некрасов, Илья Хвостиков, Константин Карасик, Вероника Саркисова, Даниил Эльдаров, Эрик Соммерс, Скотт Розенберг, Джефф Пинкнер, Джонатан Хенсли"
Слэшер,"Кристофер Жако, Пола Бранкати, Джоэнн Ванникола, Сабрина Грдевич, Лиза Берри, Стив Байерс, Джефферсон Браун, Габриэль Дарку, Дин МакДермотт, Сальваторе Антонио, Шон Пирс, Спенсер Криган, Бруно Рокка, Брайан Гарви, Рут Секорд, Адам МакДональд, Крэйг Дэвид Уоллес, Фелипе Родригез, Джейсон Пиджей Дешам, Эрин Дэк, Памела Бэйн, Джоэл Вариканикал, Скотт МакКлеллан, Джексон Паррелл, Джофф Уоллес, Аарон Мартин, Томас П. Витале, Эрин Берри, Йен Карпентер, Аарон Мартин, Йен Карпентер, Люси Паге"
14+,"Глеб Калюжный, Ульяна Васькович, Ольга Озоллапиня, Дмитрий Блохин, Ирина Фролова, Шандор Беркеши, Владислав Горячкин, Дмитрий Баринов, Даниил Пикула, Ксения Пахомова, Алана Снеткова, Андрей Зайцев, Андрей Зайцев, Юлия Баталова, Алина Выходова, Кирилл Бобров, Шандор Беркеши, Елена-Александра Авдонина, Андрей Зайцев, Ольга Гранина, Ирина Гришина, Андрей Зайцев"
Ночной трамвай,"Аксель Барё Осен, Сигрид Кандаль Гусьорд, Мортен Рогнског, Эйрик Твейтен, Геир Фьерместад Роландсен, Вегард Ландсверк, Хайди Арнесен, Гауте Лид Ларссен, Эйрик Твейтен"
Мошенники,"Хён Бин, Ю Джи-тхэ, Пэ Сон-у, Пак Сон-ун, Нана, Ан Сэ-ха, Чхве Дон-мун, Чхве Иль-хва, Хо Сон-тхэ, Ём Дон-хон, Пан Джун-сок, Чи Хён-со, Щим Хён-соп, Чан Чхан-вон, Ко А-мо, Ли Тхэ-юн, Сон Чхан-ён, О Сын-хён, Чон Хён-джу, Чан Чхан-вон"
Чувство правды,"Екатерина Копанова, Алексей Макаров, Михаил Мартьянов, Софья Щербакова, Малика Лапшина, Ольга Битюкова, Олег Филипчик, Петр Грезев, Майя Вознесенская, Константин Исаев, Владимир Фатьянов, Антон Зинченко"
Здесь ты найдешь меня,"Роуз Рид, Джедидайя Гудакр, Кэтрин МакНамара, Патрик Бергин, Сирша-Моника Джексон, Джудит Хоаг, Фиона Белл, Анабель Суини, Том Эверетт Скотт, Ванесса Редгрейв, Киран Кили, Тим Уильямс, Кристин Фицджералд, Эйлинг Бирн, Брайан Боф, Крис Уитт, Майкл Лэвэлл, Брайан Боф, Стефен Престон, Кен Карпентер, Дес Мартин, Алёна Созинова, Глеб Гаврилов, Мария Иващенко, Андрей Гриневич, Дина Бобылёва, Брайан Боф, Дженни Б. Джонс"
Русское краткое. Выпуск 2,"Татьяна Кузнецова, Александр Ильин, Энтони Бэшоу, Ирина Вилкова, Алексей Ильин, Даниил Воробьев, Лукерья Ильяшенко, Сергей Кемпо, Павел Трубинер, Елена Нестерова, Роман Цепелев, Сергей Соловьёв, Раиса Заслав, Анастасия Баталова, Анна Стрельникова, Ольга Хлебникова, Александр Домогаров мл., Ирина Вилкова, Ира Волкова, Андрей Волгин, Алексей Стрелов, Александр Симонов, Андрей Валенцов, Вячеслав Лисневский, Александра Геллер, Кристина Рейльян, Ирина Вилкова, Анна Арутюнова, Александр Домогаров мл., Ирина Вилкова, Сергей Кемпо, Мария Огнева"
Wu-Tang: Американская сага,"Эштон Сандерс, Шамеик Мур, Сиддик Сондерсон, Маркус Каллендер, Золи Григгс, Т.Дж. Атомс, Дэйв Ист, RZA, Маттео Де Космо, Рокио Хименес, Тед ЛеФевр, Марси Роджерс, Марио Ван Пиблз, Крейг Зиск, Мэттью М. Росс, Тара Николь Вейр, Мартин Уилсон, Джонатан Чибнелл, Мелисса Джирхарт, Джош Бил, Гэвин Келли, Дэвид С.Туттман, Нильс Элперт, Гэбриел Фонсека, Кира Морисетт, Зак Шварц, Гэйл Бэрринджер, RZA, Алекс Тсе, Гэбриел Фонсека, Зак Шварц"
Я — Златан,"Гранит Рушити, Доминик Андерссон Байрактати, Седомир Глишович, Мерима Диздаревич, Эммануэле Аита, Хакан Бенгтссон, Сельма Месанович, Линда Хазири, Гийс Нейбр, Дуччо Камерини, Маркус Ягерстедт, Лизанн Франзен, Миа Андерссон, Йенс Сьёгрен, Хеннинг Марк, Йёста Рейланд, Фрида Барго, Фредерик Хейниг, Маттиас Норборг, Тина Бергстрём, Пётр Коврижных, Фёдор Парамонов, Владимир Рыбальченко, Людмила Шувалова, Сергей Пономарёв, Якоб Бекман, Златан Ибрагимович, Давид Лагеркранц"
Одна ложь на двоих,"Анатолий Руденко, Линда Лазарева, Екатерина Решетникова, Борис Хвошнянский, Нелли Попова, Клим Бердинский, Лев Бердинский, Антонина Паперная, Надежда Иванова, Валерий Царьков, Ирина Добродеева, Алексей Праздников, Александр Нахабцев, Григорий Рудаков, Родион Павлючик, Игорь Марин, Ольга Полесицкая, Екатерина Латанова, Сергей Муратов"
Гардеробщица,"Галина Петрова, Игорь Савочкин, Стася Милославская, Екатерина Голубева-Польди, Андрей Назаров, Екатерина Голубева-Польди, Сергей Максимов, Екатерина Голубева-Польди, Екатерина Голубева-Польди"
Путь к выздоровлению,"Джессика Сула, Себастьян де Соуса, Алексис Карра, Дэниэл Фрэнзиси, Кайла Прэтт, Дэвид Уиттс, Шэрон Лил, Мэг ДеЛэйси, Эмма Фасслер, Линдсэй Пирс, Джон Эрлих, Джейсон Дерлатка, Мэттью Хоран, Сэм Крамер, Линди МакМайкл, Синед Клэнси, Лоуренс Триллинг, Энди Фикмен, Крис Грисмер, Джоэнна Кернс, Анита Брандт-Бергойн, Кристофер Кук, Лоуренс А. Мэддокс, Базз Фейтшанс IV, Бет Шредер, Крэйг Пилиджиан, Холли Соренсен, Джулия Кокс, Патриция Резник, Майкл Гэнс, Ричард Реджистер"
Защитник,"Киану Ривз, Рене Зеллвегер, Гугу Эмбата-Ро, Гэбриел Бассо, Джеймс Белуши, Джим Клок, Ричи Монтгомери, Кристофер Берри, Лара Грайс, Николь Барре, Евгений Гальперин, Саша Гальперин, Артур Йонгевард, Эбби О’Салливан, Брэдфорд Джонсон, Кортни Хант, Кейт Уильямс, Джулс О’Лафлин, Роберт Огден Барнум, Энтони Брегман, Питер Крон, Элон Дершовиц, Николас Казан"
Небесный верблюд,"Виктор Сухоруков, Цеден Конаев, Михаил Гасанов, Пётр Новиков, Ирина Хургунова, Данзан Бадрашкиев, Батр Манджиев, Баира Манджиева, Виталий Махов, Максим Кошеваров, Тамара Сеферян, Юрий Фетинг, Леда Семёнова, Юрий Фетинг, Антон Жабин, Ирина Плиско, Михаил Плиско, Сюзанна Муазен, Эльзята Манджиева, Юрий Фетинг"
Ещё,"Леонид Фёдоров, Олег Гаркуша, Дмитрий Озерский, Владимир Волков, Николай Рубанов, Михаил Коловский, Юрий Парфенов, Виктор Бондарик, Борис Шавейников, Кирилл Миллер, АукцЫон, Дмитрий Лавриненко, Дмитрий Лавриненко, Алексей Стрелов, Алексей Гриценко, Дмитрий Лавриненко, Дмитрий Лавриненко"
Третий вид любви,"Лю Ифэй, Сон Сын-хон, Эдди О, Мэн Цзя, Джесси Цзян, Белла Ду, Ирен Сун, Сюэ Юаньюань, Джон Х. Ли, Ню Хань"
Осанна,"Илзе Лиепа, Андрей Мерзликин, Александр Михайлов, Алексей Барыкин, Алексей Барыкин, Алексей Барыкин, Анастасия Мальцева, Алексей Барыкин, Олег Суров, Алексей Барыкин"
Криша,"Криша Фэйрчайлд, Алекс Добренко, Робин Фэйрчайлд, Крис Дабек, Виктория Фэйрчайлд, Брайан Кассерли, Чейз Джолиет, Афина Фриззелл, Августин Фриззелл, Оливия Грэйс Эпплгейт, Брайан МакОмбер, Трей Эдвард Шульц, Трей Эдвард Шульц, Дрю Дэниелс, Джастин Р. Чан, Чейз Джолиет, Трей Эдвард Шульц, Уилсон Смит, Трей Эдвард Шульц"
Интернет-мальчик: История Аарона Шварца,"Тим Бернерс-Ли, Кори Доктороу, Питер Экерсли, Брюстер Кайл, Лоуренс Лессиг, Джон Драгонетти, Брайан Кнаппенбергер, Джейсон Декер, Брайан Кнаппенбергер, Энди Робертсон, Брайан Сторкел, Линкольн Элс, Брайан Кнаппенбергер, Скотт Синклер, Чарльз Анненберг Вайнгартен, Зак Брафф, Сюзанн Дэнзигер, Брайан Кнаппенбергер"
Пи Мак из Пхракханонга,"Марио Маурер, Давика Хурне, Наттапонг Чартпонг, Понгсаторн Йонгвилак, Виват Конграсри, Кантапат Пермпунпатчарасук, Шон Джиндачот, Аркадеч Кеавкотр, Банйонг Писантханакун, Ванриди Понгситтисак, Пайбун Дамронгчайтхам, Бусаба Даорынг, Йина Осотхсилп, Чантавит Дханасеви, Нонтра Кумвонг, Банйонг Писантханакун"
Биркебейнеры,"Якоб Офтебро, Кристофер Хивью, Торкел Доммерснес Сольдаль, Ани Улимойн Уверли, Николай Ли Каас, Пол Сверре Валхейм Хаген, Асмунд Бреде Эйке, Торбьорн Харр, Теа Софи Лох Несс, Йеппе Бек Лаурсен, Гауте Сторас, Чаба Лоди, Маргрет Эйнарсдоуттир, Жужанна Шипош, Нильс Гёуп, Кристоффер Хейе, Томас Тёнг, Петер Мокросински, Пер Генри Борх, Мэри Коллери, Малене Элерс, Петер Гарде, Равн Ланесског"
Ангел Бэби,"Валерий Соловьев, Ксения Бржезовская, Владимир Постников, Григорий Илларионов, Елизавета Бирюкова, Михаил Чертищев, Ринат Газизов, Олег Меджитов, Екатерина Бирюкова, Дмитрий Акимов"
Мертвые души,"Евгений Цыганов, Александр Робак, Дмитрий Дюжев, Елена Коренева, Тимофей Трибунцев, Анна Михалкова, Алексей Серебряков, Виктория Толстоганова, Семен Слепаков, Ксения Раппопорт, Александр Соколов, Екатерина Дыминская, Григорий Константинопольский, Анна Мацкова, Владимир Аршинин, Олег Лукичёв, Валерий Федорович, Евгений Никишов, Давид Кочаров, Александр Плотников, Григорий Константинопольский, Николай Гоголь"
Паранормальный Веллингтон,"Майк Миноуг, Карен О’Лири, Маака Похату, Томас Сейнсбури, Бен Френшам, Чарли Бликли, Ричард Дей, Линда Топп, Джейсон Хойте, Люк Буда, Сэмюэл Флинн Скотт, Конрад Ведде, Мэтт Остин, Габриэль Стивенсон, Аманда Нил, Тим ван Даммен, Джемейн Клемент, Джеки ван Бик, Том Иглз, Шон Пейпер, Беван Кроверс, Д.Дж. Стипсен, Мэтт Хенли, Джемейн Клемент, Тайка Вайтити, Пол Йэтс, Дезрэй Армстронг, Тайка Вайтити, Карен О’Лири, Маака Похату"
Грязный снег,"Камалприт Каур, Таманна Анихотри, Хибба Наджиб, Пернилла Персен, Тарьей Сандвик Му, Арман Суризеи, Равдип Сингх Баджва, Наим Азам, Соня Кхан, Саджид Махмуд, Раймонд Эноксен, Сюзанна Вогсетер, Аврора Гессе, Катарина Лаунинг, Карен Гравос, Веслемёй Б. Лангвик, Элиз Солберг, Торил Стром, Андрес Ригнелль, Осмунд Хасли, Патрик Сефстрём, Йонас Аллен, Сесиль Аспенс, Петер Бозе, Петер Клаузен, Ирина Обрезкова, Юлия Рудина, Юлия Зоркина, Василиса Ручимская, Валерий Смекалов, Мамона Хан, Томас Молдстад"
Слепцы,"Тхэгён, Ха Сок-чин, Чон Ын-джи, Пак Чи-бин, Чон Ин-ги, Ким Бом-нэ, Ким Ха-гюн, Чо Сын-ён, Чхве Хон-иль, Чо Гён-сук, Щин Ён-хви, Квон Ги-гён"
Святой дьявол,"Габи Эспино, Аарон Диас, Карлос Понсе, Химена Дуке, Франсес Ондивиела, Хильда Хэддок, Ванда Д’Айсидоро, Хавьер Валькарсель, Беатрис Вальдес, Лиз Вега, Тулио Кремисини, Валерия Финьяна, Синсия Актис Дато, Джулиана Меса, Луис Мансо, Рикардо Шварц, Эллери Альбарран, Хуан Пабло Пуэнтес, Хосеф Мартинес, Аргемиро Сааведра, Джошуа Минц, Паола Альиэгро, Хосе Херардо Гильен, Хуан Мануэль Андраде, Табаре Перес, Хосе Висенте Спарато, Хосе Игнасио Валенсуела"
Королевство,"Антонио де ла Торре, Моника Лопес, Хосе Мария Поу, Барбара Ленни, Начо Фреснеда, Ана Вахенер, Луис Саера, Франциско Рейс, Мария де Нати, Давид Лоренте, Оливье Арсон, Мигель Анхель Ребольо, Паола Торрес, Родриго Сорогойен, Альберто дель Кампо, Алехандро де Пабло, Винни Баэрт, Мариэла Бесуевски, Мерседес Гамеро, Херардо Эрреро, Изабель Пенья, Родриго Сорогойен"
Всё о моём романе,"Щин Ха-гюн, Ли Мин-джон, Пак Хи-сун, Ким Джон-нан, Хан Чхэ-а, Сон Джон-хён, Квон Ги-ён"
Шазам!,"Закари Ливай, Эшер Энджел, Джек Дилан Грейзер, Марк Стронг, Грейс Кэролайн Карри, Адам Броди, Джимон Хонсу, Миган Гуд, Мишель Борт, Бенджамин Уоллфиш, Брандт Гордон, Колин Вудс, Люк Циммерман, Леа Батлер, Шэйн Виё, Дэвид Ф. Сандберг, Мишель Аллер, Максим Александр, Ричард Бренер, Джеффри Чернов, Дэни Гарсиа, Хирам Гарсиа, Александр Хошабаев, Даниил Бледный, Владимир Войтюк, Игорь Гордин, Мария Борисова, Билл Паркер, Чарльз Кларенс Бек, Генри Гайден, Даррен Лемке"
Непослушные,"Лариса Брохман, Александр Пантыкин, Юлия Милёхина, Алексей Котеночкин"
А у нас во дворе 2,"Равшана Куркова, Сергей Пускепалис, Тимур Нижеметдинов, Шохижахон Турсунбаев, Константин Бураев, Ирина Луковская, Андрей Заводюк, Екатерина Кирчак, Юрий Черкасов, Александр Чернявский, Лев Навоян, Ангелина Романенко, Андрей Золотухин, Ольга Музалева, Елена Тараскина, Иван Малютин, Анатолий Малкин, Ольга Музалева, Ирина Луковская, Рашид Маликов"
Манифест,"Мелисса Роксбур, Джошуа Даллас, Дж.Р. Рамирез, Луна Блэйз Бойд, Парвин Каур, Мэтт Лонг, Дэрил Эдвардс, Афина Карканис, Джек Мессина, Холли Тейлор, Дэнни Люкс, Гонсало Кордоба, Ромео Тироне, Майкл Смит, Дин Уайт, Клаудия Ярми, Николас Эрасмус, Елена Маганини, Марк Конте, Стивен Лэнг, Сара Коули, Эндрю Пристли, Джозеф Брэдли Смит, Тим Норман, Кэти М. Фрэнк, Джефф Рейк, Джеки Рубин, Джек Рэпк, Джефф Рейк, Маргарет Исли, Лаура Путни, Маргарет Роуз Лестер"
Детектив Бёмкеш Бакши,"Сушант Сингх Раджпут, Ананд Тивари, Нирадж Каби, Дивья Менон, Свастика Мукхерджи, Мейянг Чанг, Марк Беннингтон, Таканори Кикути, Шивам, Снеха Кханвалкар, Сачин Бхур, Маниш Малхотра, Маноши Нат, Руши Шарма, Дибакар Банерджи, Манас Миттал, Намрата Рао, Никос Андрицакис, Дибакар Банерджи, Адитья Чопра, Викас Чандра, Смрити Джайн, Урми Джувекар, Дибакар Банерджи, Шарадинду Бандхопадхай"
Стекло,"Аида Зейналова, Ида Штайнер, Александрина Тиль, Юлия Шатова, Ася Куликова, Мария Аль-Каис, Иван Звягинцев, Екатерина Кузьмина, Павел Бельдюгов, Евгения Максимова, Мария Аль-Каис"
Сшиватели,"Эмма Ишта, Кайл Харрис, Ритеш Раджан, Салли Ричардсон-Уитфилд, Эллисон Скальотти, Дэймон Дэйуб, Сола Бэмис, Росс Курт Ле, Кэмерон Бриттон, Челси Винсент, Курт Фаркуар, Эдвард Матадзони, Майкл Бадж, Шон Фолкнер, Нэнси Гулд, Стив Майнер, Роб Дж. Гринли, Дж. Миллер Тобин, Джон Бэдэм, Джастин С. Грин, Николас Эрасмус, Джон Уэсли Уиттон, Филип Пуччи, Джон Ньюби, Эдуардо Энрике Майен, Пол Мэйбаум, Линн Э. Литт, Джонатан Баруч, Дэвид Россел, Джефф Шехтер, Джефф Шехтер, Линн Э. Литт, Эйприл Фицсиммонс, Эрик Тачмен"
Манифесто,"Кейт Бланшетт, Эрика Бауэр, Руби Бустаманте, Карл Дитрих, Мари Борковски Фоэдровиц, Эа-Джа Ким, Марина Майкл, Ханнелор Олендорф, Оттокар Сачсе, Ральф Темпель, Бен Лукас Бойсен, Нилс Фрам, Сабина Дайгелер, Мелани Рааб, Джулиан Розефельдт, Бобби Гуд, Кристоф Краусс, Корнелия Акерс, Маркос Кантис, Мартин Левальд, Джулиан Розефельдт"
Ограбление по-казахски,"Жандос Айбасов, Аружан Джазильбекова, Игорь Шин, Алексей Егоров, Ержан Болтирик, Байкенже Бельбаев, Толепберген Байсакалов, Дархан Дайырбек, Ерик Жолжаксынов, Сафуан Шаймерденов, Эмиль Досов, Михаэль Факиш, Индира Ихсан, Каиржан Орынбеков, Дильшат Чоруков, Кристофер Бэлл, Дмитрий Бондаренко, Алидар Утемуратов, Андрей Распутин, Кирилл Рощин, Фуад Ибрагимбеков, Каиржан Орынбеков"
Детектив Джагга,"Ранбир Капур, Катрина Каиф, Сасвата Чаттерджи, Саяни Гупта, Навазуддин Сиддикуи, Мир Сарвар, Саурабх Шукла, Притам Чакраборти, Ашиш Порвал, Кайлаш Саху, Ашиш Двайер, Анураг Басу, Эджей Шарма, Рави Варма, Анураг Басу, Ранбир Капур, Сидхарт Рой Капур, Амитабх Бхаттачария, Анураг Басу"
Любой ценой,"Джефф Бриджес, Крис Пайн, Бен Фостер, Гил Бирмингем, Дейл Дикки, Уильям Стерчи, Бак Тейлор, Кристин Берг, Кит Мэривезер, Кристофер Дж. Буззел, Ник Кейв, Уоррен Эллис, Стив Купер, Малгожата Тужаньская, Вильгельм Пфау, Дэвид Маккензи, Джейк Робертс, Джиллз Натгенс, Браден Афтегуд, Питер Берг, Кэтрин Дин, Карла Хэкен, Владимир Антоник, Дмитрий Поляновский, Андрей Вальц, Александр Хорлин, Ирина Виленкина, Тейлор Шеридан"
Стать Бондом,"Джордж Лэзенби, Джош Лоусон, Кассандра Клементи, Джейн Сеймур, Джефф Гарлин, Джейк Джонсон, Дэна Карви, Лэндон Эшворт, Мэттью Майкл Джостен, Джейсон Мэйбаум, Джон Писчителло, Паула Табалипа, Рэйчел Феррара, Джош Гринбаум, Билли МакМиллин, Джон В. Рутланд, Джош Гринбаум, Крис Леггетт, Рафаэль Мармор, Дэвид де Ротшилд, Джош Гринбаум"
Я принадлежу тебе,"Дэн Чао, Бай Байхэ, Ян Ян, Юэ Юньпэн, Ду Цзюань, Ада Лю, Чжан Тяньай, Цао Вэйюй, Даррен Дэн, Ляо Сюэцю, Чжан Ибай, Чжан Цзяцзя"
Красные браслеты,"Тим Оливер Шульц, Дамиан Хардунг, Луиза Бефорт, Иво Кортланг, Тимур Бартельс, Ник Юлиус Шук, Сахин Эрийльмаз, Матиас Бреннер, Коринна Баумм, Сабина Бернарди, Феликс Биндер, Рихард Хубер, Ульрика Лайпольд, Роберт Бергхофф, Эргун Канкая, Ян Кромшрёдер, Герда Мюллер, Феликс Биндер, Марк О. Сенг, Арни Нолтинг, Ян Мартин Шарф"
Провинциалы,"Ма Дон-сок, Ким Сэ-рон, Чан Гван, Ли Сан-ёп, Щин Сэ-хви, Чин Сон-гю, О Хи-джун, Чон Су-хан, Юн Бён-хи, Пэ Джин-а, Мок Ён-джин, Ким Гён-ми, Лим Джин-сун, Пак Кён-сук, Ха Гён-хо, Сон Джон-у, Ким Сон-джин, Со Джон-хэ, Лим Джин-сун"
Странники терпенья,"Константин Лавроненко, Майя Шопа, Александр Рапопорт, Наталия Фиссон, Ольга Страда, Ирина Фролова, Павел Демьянов, Варвара Рябова, Евгений Данчевский, Александр Конев, Александр Журбин, Татьяна Убейволк, Дмитрий Бенбен, Сергей Зайков, Владимир Алеников, Фил Волкен, Владимир Алеников, Алишер Хамидходжаев, Владимир Алеников, Вадим Горяинов, Шамиль Джафаров, Эдуард Пичугин, Владимир Алеников"
Полное погружение,"Полина Гагарина, Филипп Киркоров, Алексей Воробьёв, Диомид Виноградов, Ирина Киреева, Константин Карасик, Михаил Хрусталёв, Сергей Терре, Антон Эльдаров, Лариса Брохман, Антон Грызлов, Василий Ровенский, Эдуард Нуритдинов, Лела Хитарова, Василий Ровенский, Федор Мезенцев, Василий Ровенский, Роман Борисевич, Максим Рогальский, Василий Ровенский, Алек Соколов"
Саранча,"Пётр Фёдоров, Паулина Андреева, Дмитрий Шевченко, Екатерина Волкова, Евгения Дмитриева, Максим Пинскер, Алексей Горбунов, Евгений Стычкин, Александр Голубков, Иван Щенин, Алексей Айги, Олег Чубыкин, Райан Оттер, Екатерина Дыминская, Александр Сериков, Егор Баранов, Игорь Отдельнов, Юрий Коробейников, Александр Цекало, Константин Эрнст, Руслан Сорокин, Иван Самохвалов, Олег Маловичко"
Выдающиеся звери,"Тикахиро Кобаяси, Юки Оно, Саяка Сэнбонги, Такааки Торасима, Дзюнъя Эноки, Ацуми Танэдзаки, Нобухико Окамото, Фукуси Отиаи, Такэо Оцука, Юма Утида, Сатору Косаки, Минами Касуга, Наоки Аракава, Риса Ираха, Нао Оцу, Синъити Мацуми, Ясухиро Гэси, Макото Сокудза, Кэнсукэ Ямамото, Дзюнъити Уэмацу, Сиори Косё, Сюнсукэ Хосои, Ёсинори Такээда, Нанами Хигути, Пару Итагаки"
Полынь: Дорога мёртвых,"Джей Галлахер, Бьянка Брэди, Леон Бурчилл, Кит Агиус, Беринн Швердт, Люк Маккензи, Кэйн Томпсон, Дэмиэн Дайк, Юр Кович, Катрин Террачини, Майкл Лира, Тим Намур, Тим Намур, Кия Роуч-Тернер, Кия Роуч-Тернер, Тим Нэгл, Джон А. Хери, Джэми Хилтон, Киаран Джордан, Кия Роуч-Тернер, Тристан Роуч-Тернер"
Великий гипнотизёр,"София Ху, Люй Чжун, Карен Мок, Дэвид Ван, Сюй Чжэн, Ян Кайди, Лэсте Чэнь, Чарли Лам, Ли Нин, Сюй Чжэн, Лэсте Чэнь, Жэнь Пэн"
А ты знаешь?,"Мадди Мот, Эндрю Дж. Джонс, Пол Киттель, Даррен Коутс, Пол Ванезис, Сара Тригг, Даррен Коутс"
Ниже её губ,"Эрика Линдер, Натали Крилл, Себастьян Пижотт, Мэйко Нгуен, Томми-Эмбер Пири, Мелани Лишман, Андреа Штефанчикова, Даниэла Барбоза, Элиз Бауман, Джослин Хадон, Нойя, Зейна Исмаил, Эйприл Маллен, Мишель Шемберг, Майя Банкович, Мелисса Коглан, Джен Гиллеспи, Стефани Фабризи"
Пятьдесят к одному,"Скит Ульрих, Кристиан Кейн, Уильям Дивэйн, Мэдлин Дойч, Тодд Лоу, Дэвид Эткинсон, Кэлвин Борел, Брюс Экелман, Хьюго Перез, Элой Касадос, Уильям Росс, Лали Пур, Венди Озолс-Барнс, Джим Уилсон, Бен Каллахан, Тим Зурштедт, Джим Уилсон, Джим Уилсон"
Топи,"Иван Янковский, Тихон Жизневский, Анастасия Крылова, Катерина Шпица, Софья Володчинская, Марина Васильева, Максим Суханов, Александр Доронин, Кирилл Полухин, Вероника Мохирева, Райан Оттер, Елена Дронова, Владимир Мирзоев, Александр Амиров, Василий Григолюнас, Ольга Филипук, Владимир Маслов, Александра Ремизова, Маруся Трубникова, Иван Породнов, Дмитрий Глуховский"
Бессмертные,"Мадлен Мартин, Филип Берг, Торкель Петерссон, Фанни Кеттер, Матс Квистрём, Мина Азарян, Матильда фон Эссен, Хедда Штайнстед, Дженс Олин, Йенния Сильверйельм, Андреас Ёманн, Андреас Ёманн, Никлас Йоханссон, Йоханнес Хобом, Бонни Скуг, Андреас Ёманн, Анна-Клара Карлстен, Андреас Ёманн"
Книготорговцы,"Паркер Поузи, Фран Лебовиц, Гэй Тализ, Дэвид Ульман, Д.В. Янг, Д.В. Янг, Питер Болт, Джудит Мизрахи, Дэн Векслер, Д.В. Янг, Дебра Макклатчи"
Шамитабх,"Амитабх Баччан, Дхануш, Абхиная, Пит Мидс, Рукмини, Шубхам, Пратик, Раджив, Илайараджа, Дипика Лал, Анирудх Сингх, Р. Балки, Хеманти Саркар, П.Х. Шрирам, Сунил Лула, Алекс Энтони Фернандес, Юха Вуолиоки, Р. Балки"
Воспоминания меча,"Ли Бён-хон, Чон До-ён, Ким Го-ын, Ли Джун-хо, Сон Ю-бин, Ким Су-ан, Ким Тхэ-у, Гузель Турсунова, Пэ Су-бин, Ким Хак-сон, Моуг, Хан А-рым, Чо Сан-гён, Пак Хын-щик, Ким Бён-со, Ким Хён-чхоль, Ким Джу-гён, Ли Дэ-хи, Чхве А-рым, Пак Хын-щик"
Теща-командир,"Янина Соколовская, Максим Дрозд, Анна Васильева-Абрамович, Юрий Поляк, Антон Тузиков, Михаил Богдасаров, Алина Цибизова, Павел Савинков, Никита Санаев, Алена Олькина, Михаил Дубовик, Сергей Мезенцев, Анна Ерофеева, Михаил Баруздин, Михаил Оркин, Богдан Форощук, Александр Кушаев, Ирина Смирнова-Бейнарович, Виталий Сиренко, Александра Ноткина"
Жизнь человека. Последнее интервью,"Карина Казарян, Сергей Карпов, Андрей Травников, Сергей Карпов, Кристина Кужахметова, Дмитрий Кувалдин, Василий Нефедкин, Дмитрий Алешковский, Стася Трус, Галина Мосалова"
Пропавший король,"Салли Хокинс, Шона Прайс, Льюис Маклауд, Стив Куган, Гарри Ллойд, Роберт Джек, Александр Деспла, Жан Керр, Рона Расселл, Энн-Мари Култер, Стивен Фрирз, Пиа Ди Чаула, Зак Николсон, Стив Куган, Кристин Ланган, Дэн Винч, Дженни Боргарс, Стив Куган, Джефф Поуп, Филиппа Лэнгли"
Мандарин,"Китана Кики Родригес, Миа Тейлор, Карен Карагулян, Микки О’Хаган, Алла Туманян, Джеймс Рэнсон, Луиза Нерсисян, Арсен Григорян, Йен Эдвардс, Скотт Крински, Цоу Ши-Чин, Шон Бэйкер, Шон Бэйкер, Шон Бэйкер, Радиум Чун, Шон Бэйкер, Кэрри Кокс, Маркус Кокс, Даррен Дин, Шон Бэйкер, Крис Бергоч"
Колено Ахед,"Авшалом Полак, Нур Фибак, Хадиджа Зеггай, Надав Лапид, Нили Рихтер, Шай Голдман, Оснат Хандельсман-Керен, Талия Клейнхендлер, Джудит Лу Леви, Ив Робен, Хаим Лапид, Надав Лапид"
Секретарша,"Ксения Лаврова-Глинка, Михаил Трухин, Илья Коробко, Екатерина Агеева, Любовь Толкалина, Сергей Комаров, Ёла Санько, Катя Кабак, Елена Бирюкова, Григорий Перель, Сергей Каширин, Елена Лисовская, Анжелика Плынова, Радда Новикова, Александра Терехова, Юрий Кокошкин, Александр Цекало, Иван Самохвалов, Лилия Гайнанова, Анастасия Фатеева, Иван Угаров, Белла Прибылова, Вячеслав Дурненков, Рина Верт"
Моя любовь и звёзды,"Яо Чи, Чжан Нань, Ли Сыян, Сун Фанъюань, Лянь Синь"
Убийца гоблинов: Корона гоблина,"Юитиро Умэхара, Сумирэ Уэсака, Юи Огура, Такахару Одзаки, Хидэюки Курата, Кумо Кагю"
Связанные поцелуем,"Даррен Ван, Джелли Линь, Чэнь Байжун, Сесилия Чой, Кристофер Ли, Кристи Чун, Хань Юньюнь, Джойс Чань, Чэнь Юйшань, Вендерс Ли, Яо Хунъи, Тянь Тянь, Цао Хуаи, Чэнь Юйшань, Каору Тада, Сабрина Цзэн, Чэнь Юйшань"
Щель,"Уиллем Дефо, Григорий Добрыгин, Марк Зисельсон, Григорий Добрыгин, Марк Зисельсон, Максим Курочкин, Григорий Добрыгин"
Скейт-кухня,"Рейчел Винберг, Деде Лавлэйс, Нина Моран, Кабрина Адамс, Аджани Расселл, Джейден Смит, Элизабет Родригес, Александр Купер, АСКА, Рэмси Скотт, Нора Мендис, Бритни Уэст, Кристал Мозелл, Нико Лёнен, Шабир Кирхнер, Кристал Мозелл, Лиззи Настро, Джулия Ноттинхэм, Мэттью Перникиаро, Кристал Мозелл"
WWE РестлМания 29,"Дуэйн Джонсон, Джон Сина, Марк Колэуэй, Фил Брукс, Пол Левески, Брок Леснар, Дос Карас мл., Джейк Хагер, Джо Аноаи, Колби Лопес, Кристофер Уоттс, Колин Кэмпбелл"
Аппетит к любви,"Тейлор Коул, Эндрю У. Уокер, Элли Миллс, Маркус Роснер, Роберт Молони, Фиона Врум, Морган Тейлор Кэмпбелл, Джен Гриффин, Антонио Кайонни, Кейт Крачлоу, Грэм Коулмэн, Гленн Кэмпбелл, Джанет Кларк, Дэвид Маккэй, Аллан Ли, Эрик Дж. Голдштейн, Ховард Браунштейн, Кристиан Бруйе, Марси Гросс, Мира Моррис, Дэймон Хилл, Ховард Чесли"
Полицейский с Рублёвки,"Александр Петров, Сергей Бурунов, Татьяна Бабенкова, София Каштанова, Роман Попов, Александра Бортич, Анна Котова, Ростислав Гулбис, Сергей Штатнов, Сергей Журавлев, Александр Соколов, Татьяна Шаповалова, Илья Куликов, Степан Гордеев, Игорь Абидов, Александр Симонов, Кирилл Бобров, Валерий Федорович, Евгений Никишов, Игорь Мишин, Илья Куликов, Татьяна Шитова, Илья Куликов"
Жертва любви,"Антон Хабаров, Татьяна Арнтгольц, Кирилл Гребенщиков, Елена Чарквиани, Александр Колмогоров, Юрий Елагин, Анастасия Шаповалова, Иван Моховиков, Анатолий Чистов, Савелий Кудряшов, Максим Кошеваров, Александр Маев, Влада Миронова, Рауф Кубаев, Юрий Любшин, Елена Ласкарева, Анастасия Волкова"
Кабинет путешественника,"Алексей Макаров, Анна Роскошная, Илья Бледный, Александра Киселева, Александра Булычёва, Евгений Шибалко, Сергей Гузеев, Заза Чантурия, Екатерина Ланн, Артём Анашкин, Валерий Царьков, Ашот Кещян, Дмитрий Магонов, Денис Швецов, Родион Павлючик, Дмитрий Золотов, Наталия Микрюкова, Дюк Митягов, Кира Худолей, Ася Гусева, Анна Солнцева"
"Ну, здравствуй, Оксана Соколова!","Виктор Добронравов, Валентина Мазунина, Сергей Бурунов, Борис Дергачев, Алексей Базанов, Александр Стефанцов, Николай Шрайбер, Алексей Медведев, Игорь Гаспарян, Сергей Лавыгин, Елена Дронова, Кирилл Васильев, Константин Данилин, Игорь Литонинский, Кирилл Васильев, Алексей Шубаков, Игорь Толстунов, Андрей Рыданов, Павел Попов, Анна Кагарлицкая, Александра Полоник, Кирилл Васильев, Юрий Касимцев"
ВИЧ в России,"Юрий Дудь, Юрий Дудь, Евгений Стаценко, Дмитрий Парёнкин"
Кровь и золото,"Роберт Мазер, Мари Хакке, Александр Шер, Флориан Шмидтке, Йёрдис Трибель, Штефан Гросман, Симон Рупп, Йохен Никель, Петра Цизер, Рой Маккрири, Джессика Де Руйи, Ян Калоус, Петер Торварт, Кристиан Бекер, Павел Мюллер, Марк Нолтинг, Стефан Барт"
Женщина в беде 3,"Татьяна Казючиц, Максим Щеголев, Александр Клемантович, Кира Кауфман, Светлана Цвиченко, Вита Кузнецова, Алексей Фокин, Екатерина Унтилова, Сергей Смирнов, Игорь Дудоладов, Алексей Гусев, Ксения Бурдинова, Степан Коваленко, Родион Павлючик, Евгений Григорьев, Игорь Марин, Наталья Кудрявцева, Василий Мешков"
Турбо,"Райан Рейнольдс, Пол Джаматти, Майкл Пенья, Снуп Догг, Майя Рудольф, Мишель Родригес, Сэмюэл Л. Джексон, Луис Гусман, Билл Хейдер, Бен Шварц, Генри Джекман, Ричард Даскас, Дэвид Сорен, Джеймс Райан, Крис Стоувер, Лиза Стюарт, Шон Маллен, Сьюзэн Слэгли Роджерс, Тимур Родригез, Алексей Макрецкий, Александр Хомик, Саймон, Юлия Морозова, Даррен Лемке, Роберт Сигел, Дэвид Сорен"
Тачки 3,"Оуэн Уилсон, Кристела Алонсо, Крис Купер, Нэйтан Филлион, Ларри-кабельщик, Арми Хаммер, Рэй Мальоцци, Тони Шэлуб, Бонни Хант, Лиа ДеЛария, Рэнди Ньюман, Берт Берри, Крэйг Фостер, Ной Клочек, Лора Филлипс, Брайан Фи, Джейсон Худак, Джон Лассетер, Кевин Реэр, Андреа Уоррен, Дмитрий Харатьян, Ирина Пегова, Рудольф Панков, Станислав Стрелков, Сергей Кузнецов, Кил Мюррэй, Боб Питерсон, Майк Рич, Брайан Фи"
Ра,"Дэвид Мастерсон, Хартмут Зеллер, Калеб Леховски, Калеб Леховски, Калеб Леховски, Калеб Леховски, Калеб Леховски, Калеб Леховски"
Профиль,"Валин Кэйн, Шазад Латиф, Кристин Адамс, Амир Рахимзаде, Морган Уоткинс, Эмма Катер, Кейт Уотсон, Келли Мак, Шерин Чалли, Элоиз Томас, Варя Авдюшко, Тимур Бекмамбетов, Андрей Шугаев, Валерий Ан, Тимур Бекмамбетов, Павел Божков, Бенжамин Гринакр, Юлия Горохова, Санжар Мади, Анна Киселёва, Денис Некрасов, Александр Гаврилин, Бриттани Поултон, Тимур Бекмамбетов, Ольга Харина, Анна Эрель"
Странный Эл,"Дэниэл Рэдклифф, Дидрих Бадер, Рэйн Уилсон, Эван Рэйчел Вуд, Тоби Хасс, Джулианна Николсон, Томми О’Брайэн, Спенсер Трит Кларк, Джек Ланкастер, «Странный Эл» Янкович, Лео Биренберг, Зэк Робинсон, Джек Карневале, Венди Бенбрук, Лаура Харпер, Эрик Аппель, Джэми Кеннеди, Росс Ридж, Эрик Аппель, Лия Буман, Майкл Фара, Джо Фаррелл, Илья Крутояров, Константин Карасик, Варвара Чабан, Геннадий Новиков, Екатерина Семенова, «Странный Эл» Янкович, Эрик Аппель"
Растягивая время,"Сергей Сафронов, Александр Ткач, Альбина Чайкина, Владимир Левкин, Виктория Левкина, Артём Алискеров, Петр Криворотько, Ростислав Павлов, Ольга Смирнова, Олег Ткаченко, Дмитрий Борисов, Сергей Логвин, Михаил Выборный, Анастасия Маркович, Владлена Евтушенко, Анна Колодезнева, Данила Мальцев"
Нил Бреннан: Три микрофона,"Нил Бреннан, Аса Такконе, Нил Бреннан, Биджан Шэмс, Джей Лафайетт, Това Дэнн, Нил Бреннан, Джон Ирвин, Майк Джексон, Нил Бреннан"
Незабываемая любовь,"Вэй Чжэмин, Ху Исюань, Шэн Хуэйцзы, Юй Ицзе, Ши Цинъян, У Чунсюань, Леннон Сунь, Се Синьтун, Чжань Цзытун, Ли Юйлэй, Тан Фань"
Бой,"Ритик Рошан, Тайгер Шрофф, Ваани Капур, Ашутош Рана, Анупурия Гоенка, Машхур Амрохи, Санджив Ватса, Дипинка, Анкит Балхара, Санчит Балхара, Вишал Дадлани, Дэниэл Б. Джордж, Париджат Поддар, Кайлаш Саху, Сэм Стоукс, Кристофер Тандон, Нихарика Джолли, Аки Нарула, Анаита, Сиддхарт Ананд, Аариф Шейх, Бен Джаспер, Адитья Чопра, Падам Бхушан, Ренгараджан Джайпракаш, Шридхар Рагхаван, Аббас Тиревала, Сиддхарт Ананд, Адитья Чопра"
До встречи с Грейс,"Дэниэл Робак, Мэдлин Дандон, Марша Дитлайн, Дэна Эшбрук, Дуан Уайтакер, Алекса Макфиллин, Джейкоб Уильямс, Колин Мур, Уайатт Рут, Дайан Вагнер, Алекс Ковач, Кристин Анссель, Дэниэл Робак, Крис Монте, Кори Геряк, Кори Геряк, Брайан Глассфорд, Крис Монте, Дэниэл Робак, Андрей Градов, Анастасия Жаркова, Екатерина Кабашова, Евгений Хазов, Сергей Казаков, Джефф Льюис, Дэниэл Робак"
Гудини и Дойл,"Майкл Уэстон, Стивен Мэнгэн, Ребекка Лиддьярд, Эмили Кэри, Ноа Джуп, Адам Нагаитис, Тим Макиннерни, Дайана Куик, Джейкоб Блэр, Бо Мартин, Джеймс Джендриш, Дэн Маклоу, Шон Брио, Лаура Харди, Андреа Коатап, Эдвард Базалгетт, Стивен Хопкинс, Роберт Либерман, Дэниэл О’Хара, Д. Джиллиан Трастер, Пол Дж. Дэй, Стивен Филипсон, Джон Смит, Филипп Блобах, Стивен Рейзерс, Люк Алкин, Кентон Аллен, Назрин Чадхури, Скотт Гарви, Дэвид Хоселтон, Дэвид Н. Титчер, Карл Биндер, Мелисса Р. Байер"
(Почти) пять Докторов: Перезагрузка,"Шон Пертуи, Оливия Колман, Питер Дэвисон, Луис Дэвисон, Джоэль Джеймс Дэвисон, Дженна Коулман, Мэтт Смит, Стивен Моффат, Луиза Кэвелл, Питер Дэвисон, Серес Дойл, Джэми Пирсон, Саймон Уолтон, Брайан Минчин, Стивен Моффат, Стеффан Моррис, Джорджия Теннант, Питер Дэвисон"
Барри,"Билл Хейдер, Стивен Рут, Сара Голдберг, Энтони Кэрриган, Генри Уинклер, Д’Арси Карден, Майкл Ирби, Райтор Дойл, Даррел Бритт-Гибсон, Энди Кэри, Дэвид Уинго, Эрик Шуновер, Аманда Книэнс, Скотт Энге, Билл Хейдер, Алек Берг, Хиро Мурай, Мэгги Кэри, Али Грир, Джефф Бьюкэнэн, Кайл Рейтер, Фрэнки Гуттман, Паула Хьюидобро, Карл Херц, Дэрран Тирнан, Брэндон Трост, Алек Берг, Билл Хейдер, Айда Роджерс, Лиз Сарнофф, Алек Берг, Билл Хейдер"
Розенкранц и Гильденстерн мертвы,"Дэниэл Рэдклифф, Джош МакГуайр, Люк Маллинс, Тео Огандип, Хелена Уилсон, Уил Джонсон, Марианна Олдэм, Корин Бакеридж, Анна Фляйшль, Давид Лево, Том Стоппард"
"Робот, Сори","Ли Сон-мин, Ли Хи-джун, Ли Ха-ни, Ким Вон-хэ, Чхэ Су-бин, Щим Ын-гён, Рю Джун-ёль, Чон Гук-хван, Квак Щи-ян, Чон Хе-джин, Мок Ён-джин, Ким Джон-вон, Ю Чхон, Ли Хо-джэ, Нам На-ён, Чон Ге-хён, Чу Сон-ним, Ли Со-ён"
Без срока давности. Да судимы будете!,"Антон Булле, Михаил Елкин, Александр Звягинцев, Ольга Булле"
Как выйти замуж за миллионера 2,"Любовь Толкалина, Дмитрий Марьянов, Людмила Чурсина, Павел Прилучный, Сергей Чирков, Виктор Добронравов, Юлия Кокрятская, Александра Стриженова, Сергей Петров, Татьяна Аугшкап, Анатолий Зубков, Оксана Суменко, Наталья Хлопецкая, Кирилл Абрамов, Евгений Хлопецкий, Рубен Дишдишян, Елена Денисевич, Арам Мовсесян, Вадим Потапов, Наталья Хлопецкая"
Маша и медведь. Новые истории,"Василий Богатырёв, Владислав Байрамгулов, Георгий Орлов, Андрей Беляев, Наталья Мальгина"
Судьба: Великий приказ. Первый приказ,"Нобунага Симадзаки, Риэ Такахаси, Мадока Ёнэдзава, Кэнъити Судзумура, Томокадзу Сугита, Нобутоси Канна, Дзюнъити Сувабэ, Ю Асакава, Аяко Кавасуми, Кира Баклэнд, Рё Кавасаки, Хитоси Нанба, Го Садамацу, Синъя Мацуи, Аюми Сэкинэ, Киноко Насу"
Выстрел,"Олег Хилл, Карин Ламсон, Никита Воронин, Владислав Ковалев, Владислав Ковалев, Лелде Ковалева, Владислав Ковалев"
Как взорвать трубопровод,"Ариэла Барер, Кристин Фросет, Лукас Гейдж, Форрест Гудлак, Саша Лэйн, Джейми Лоусон, Маркус Скрибнер, Джейк Вири, Ирен Бедард, Гэвин Бривик, Кендра Татхилл, Юнис Джера Ли, Джессика Кларк, Дэниел Голдхабер, Алекс Хьюз, Ариэла Барер, Дэниел Голдхабер, Ариэла Барер, Дэниел Голдхабер"
"Дом, в котором ты родился — твоя судьба","Демет Оздемир, Зухал Генджер, Сенан Кара, Фатих Коюноглу, Элиф Сонмез, Хюлья Дуяр, Инджинур Дасдемир, Ибрагим Челиккол, Хелин Кандемир, Фырат Юкселир, Йылдырай Гюрген, Альпер Кетенджи, Джем Огет, Эрол Тастан, Чагры Байрак, Эмруллах Хеким, Исмаил Акбулут, Озгюр Полат, Онур Гювенатам, Серай Сахинер, Эйлем Джанполат"
Армия воров,"Маттиас Швайгхёфер, Натали Эммануэль, Руби О. Фи, Стюарт Мартин, Гуз Кхан, Джонатан Коэн, Ноэмиэ Накаи, Кристиан Штейер, Дэн Брэдфорд, Тоня Грейвз, Стив Маццаро, Ханс Циммер, Стефани Портной Портер, Дебора Чэмберс, Маттиас Швайгхёфер, Александр Бернер, Бернхард Яспер, Кристиан Ангермейер, Марко Бекманн, Миша Буковски, Уэсли Коллер, Сергей Анненков, Наталья Грачёва, Юлия Довганишина, Александр Хошабаев, Иван Породнов, Зак Снайдер, Шэй Хаттен"
Вина,"Марк Боннар, Иман Эллиотт, Грег МакХью, Генри Петтигрю, Джейми Сивес, Сара Викерз, Рут Брэдли, Элли Хаддингтон, Шан Брук, Мойо Аканде, Артур Шарп, Пауло Уинтоньюк, Лидия Фаррелл, Катриона Маккиннон, Патрик Харкинс, Роберт МакКиллоп, Крис Баклэнд, Колин Мони, Марк Эрмида, Дэвид Артур, Кэролайн Бриджес, Каллэн Грин, Нану Сигал, Нил Форсайт, Нил Уэбстер, Жуль Хасси, Керсти МакДональд, Нил Форсайт"
Человек из Подольска,"Вадик Королев, Виктория Исакова, Владимир Майзингер, Михаил Касапов, Илья Борисов, Олег Рязанцев, Евгений Сангаджиев, Георгий Кудренко, Маргарита Крон, Таисия Вилкова, Дмитрий Шугайкин, Ярослав Тимофеев, Татьяна Долматовская, Семён Серзин, Татьяна Магай, Семён Серзин, Даниил Фомичев, Наталья Мокрицкая, Мила Розанова, Юлия Лукшина, Дмитрий Данилов"
Иранская конференция,"Евгений Миронов, Чулпан Хаматова, Авангард Леонтьев, Ингеборга Дапкунайте, Игорь Гордин, Марина Дровосекова, Станислав Любшин, Владимир Большов, Виталий Кищенко, Алексей Вертков, Виктор Рыжаков, Анна Хрусталева, Виктор Рыжаков, Иван Вырыпаев"
Семь смертных грехов,"Брок Юрич, Томми Ганн, Ева Нотти, Минка, Элизабет Старр, Майк Хэслин, Дженнифер Брито, Эйприл Шикерук, Мэрибет Шредер, Кэссия Мехер, Жанель Мари, Мэган Кэмп, Антонио Скарлата, Нэйтан С. Касвелл, Джеремайя Сагар, Мэрриэн Чо, Брайан Гетц, Оливер Лиеф, Нэйтан С. Касвелл, Лука дель Пуппо, Зак Маллиган, Себастьян Вейнберг, Джереми Чилник, Эрик Энрайт, Антонио Скарлата, Джереми Чилник, Морган Сперлок"
Спирит Непокорный,"Изабела Мерсед, Джулианна Мур, Джейк Джилленхол, Марсаи Мартин, Маккенна Грейс, Уолтон Гоггинс, Гари А. Хэккер, Эйса Гонсалес, Андре Брауэр, Люсиан Перес, Эми Доэрти, Илэйн Боган, Эннио Торресан, Р. Орландо Дюэнас, Роберт Эдвард Кроуфорд, Мэттью Тиван, Карен Фостер, Тим Поер, Александра Курагина, Марина Тарасова, Станислав Беляев, Кристина Таскина, Анастасия Слепченко, Ори Уоллингтон, Кристин Хан, Кэтерин Нолфи"
Раз-два-три — вперёд!,"Николай Грот, Клара Росагер, Лукас Лёккен, Лаура Бах, Каспер Лайснер, Расмус Хаммерих, Йенс Йорн Споттаг, Сюзанна Сторм, Симон Раун, Энн-Дорте Эскильдсен, Барбара Топсеэ-Ротенборг, Ларс Уиссинг, Хенрик Кристенсен, Регнер Грастен, Хуан Кано Ноно, Андреас Уэнц, Торвальд Лервад, Йеспер Вунг-Сунг"
Лифт,"Исбек Абильмажинов, Жандос Айбасов, Алдабек Шалбаев, Гульназ Жоланова, Никита Карев, Гаухар Абуталиф, Нуртас Адамбай, Виталий Бужан, Тимур Дулатов, Азамат Дулатов, Нуртас Адамбай, Эркин Адамбай, Нуртас Адамбай"
Возрождение фениксов,"Чэнь Кунь, Юань Хун, Ни Ни, Энджел Ван, Бай Цзинтин, Лю Миньтао, Чжао Лисинь, Чжан Сяочэнь, Ни Дахун, Хай Итянь, Дун Инда, Лю Хайбо, Шэнь Янь, Чжан Цзя, Ли Си, Ню Цзисинь, Чжао Бинь, Ван Пэй, Цзоу Юэ"
Ненавижу Рождество,"Пилар Фольяти, Фиоренца Пьери, Массимо Риго, Симона Солдер, Глен Блэкхолл, Алан Капелли Гетц, Алессио Пратико, Сесилия Бертоцци, Эмануеле Босси, Микеле Брага, Армандо Буттафава, Люка Бернабей, Николя Инноченти, Даниэль Пассани, Коррадо Трионфера, Сильвия Леуцци, Виола Рисполи, Элена Букаччо"
Друг семьи,"Джейк Лэси, Колин Хэнкс, Лио Типтон, Анна Пэкуин, Хендрикс Янси, Остин Стоуэлл, Джо Крест, Маккенна Грейс, Мила Харрис, Эриель Маркс, Хелен Харвэлл, Ребекка Грегг, Рэйчел Голдберг, Элиза Хиттман, Стивен Пит, Джеми Трэвис, Филип Харрисон, Фабьенн Бувилль, Джо Мерфи, Селиана Карденас, Ильда Меркадо, Ник Антоска, Джен Броберг, Брайан Чемберлейн, Ник Антоска, Брайан Эвенсон"
Пончары. Глобальное закругление,"Адам Дивайн, Рэйчел Блум, Кен Жонг, Зази Битц, Джим Джефферис, Кэтрин О’Хара, Регги Уоттс, Генри Уинклер, Алекс Борштейн, Бенедикт Вонг, Мик Джаччино, Дэвид Силверман, Рэймонд С. Перси, Стивен Лю, Джо М. Агиляр, Бо Ан, Джоэль Х. Коэн, Антон Эльдаров, Ирина Киреева, Глеб Гаврилов, Полина Щербакова, Александр Хошабаев, Джоэль Х. Коэн, Джон Фринк, Роб ЛаЗебник, Джеймс Вудхам"
"День, когда я стала богом","Нацуки Ханаэ, Юи Исикава, Аянэ Сакура, Кикуко Иноуэ, Харука Тэруи, Рёхэй Кимура, Тарусукэ Сингаки, Юки Кувахара, Рёка Юдзуки, Кэнъитиро Мацуда, Дзюн Маэда, Ёсиюки Асаи, Аюму Такахаси, Ёсукэ Тоба, Ислам Ганджаев, Дина Бобылёва, Ирина Евтягина, Екатерина Попова, Егор Васильев, Дзюн Маэда"
Лечу к тебе со скоростью 493 км/ч,"Пак Чу-хён, Чхэ Джон-хёп, Пак Чи-хён, Ким Му-джун, Со Джи-хе, Чон Бэ-су, Чо Хан-чхоль, Ин Гё-джин, Ли Со-хван, Чхве Сын-юн, Чо Ун, Хо Сон-хе"
Нападение на Уолл-стрит,"Доминик Пёрселл, Эрин Карплак, Джон Хёрд, Эдвард Ферлонг, Эрик Робертс, Кит Дэвид, Майкл Паре, Локлин Манро, Тайрон Лейтсо, Майк Допуд, Джессика Де Руйи, Тара Арнетт, Катрина МакКарти, Терри Джозеф, Уве Болл, Томас Сабинский, Матиас Нойманн, Дэйл А. Эндрюс, Уве Болл, Дэн Кларк, Уве Болл"
Особо упрямый,"Мадхаван, Ритика Сингх, Нассер, Рада Рави, Каали, Балджиндер Каур, Бипин, Сантхош Нараянан, Сантханам, Сантханам, Судха Конгара, Шивакумар Виджаян, Раджкумар Хирани, С.В. Кумар, Мадхаван, С. Сашикантх, Мадхаван, Манодж Тападиа"
"Чёрный уголь, тонкий лёд","Ляо Фань, Квай Луньмэй, Ван Сюэбин, Ван Цзинчунь, Юй Айлэй, Ни Цзинъян, Вэнь Чжибо, Дяо Инань, Ян Хунъюй, Дун Цзиньсун, Вивиан Цюй, Ян Шэнь, Дэниэл Дж. Виктор, Дяо Инань"
Суперособняк,"Брайан Крэнстон, Хайди Гарднер, Такер Гилмор, Зеб Уэллс, Джиллиан Белл, Кигэн-Майкл Ки, Крис Пайн, Том Рут, Брекин Мейер, Иветт Николь Браун, Курт Олдман, Джон Энрот, Роберт Фокс, Mutato Muzika, Фрэнк Дюран, Джон Самнер, Бекки Ван Клеве, Ник Симотас, Алекс Камер, Зеб Уэллс, Майк Мэнгэн, Ник Симотас, Дженни МакКиббен, Аарон Уайз, Элдер Сунь, Брайан Крэнстон, Джеймс Дегус, Сет Грин, Джон Херветайн IV, Зеб Уэллс, Кил Кеннеди, Мэттью Сенрейч, Том Шеппард"
1000 дешевых зажигалок,"Павел Чернышёв, Никита Плахотнюк, Елизавета Кононова, Никита Еленев, Софья Аржаных, Иван Капорин, Борис Заруцкий, Анна Бреннер-Вартаньян, Алёна Кучкова, Мария Лаврова, Константин Познеков, Маша Шеко, Ирина Обидова, Татьяна Лаврова, Мария Жердина, Алексей Лихницкий, Игорь Мишин, Александра Алехина, Андрей Живой, Лиза Цыганова"
Принципиально документально,"Жаннат Керимбаев, Дарья Войновская, Денис Агатов, Анатолий Колиев, Максим Воробьёв, Аслан Сокуров, Михаил Ткаченко, Анатолий Колиев, Аслан Сокуров, Акоб Авагян, Евгений Тасенков"
СМС для тебя,"Каролина Херфурт, Фридрих Мюке, Нора Чирнер, Фредерик Лау, Катя Риман, Энисса Амани, Фридерике Кемптер, Самуэль Финци, Уве Пройсс, Кордула Штратман, Аннетта Фокс, Сара Хортон, Лизи Кристль, Мелани Рааб, Каролина Херфурт, Симон Гстоттмайр, Андреас Бергер, Кристофер Долль, Лотар Хеллингер, Андреа Вилсон, Андреа Вилсон, Мальте Уэлдинг, Каролина Херфурт, Софи Александра Клюге"
Сказочный патруль,"Мирослава Карпович, Полина Кутепова, Ольга Кузьмина, Глафира Тарханова, Юлия Александрова, Иван Жвакин, Ёла Санько, Диомид Виноградов, Даниил Эльдаров, Влад Красавин, Сергей Боголюбский, Дария Ставрович, Андрей Кокорев, Наиль Мубинов, Анастасия Чернова, Андрей Колпин, Александр Воробьёв, Максим Максимов, Анастасия Корабельникова, Алена Студенникова, Анастасия Душина, Дмитрий Медников, Татьяна Цыварева, Евгений Головин, Антон Сметанкин, Мария Парфёнова, Евгений Головин, Антон Ланшаков, Иордан Кефалиди"
Мой ужасный босс,"Ли Ё-вон, Юн Сан-хён, Хван Бо-ра, Хван Чхан-сон, Квон Хён-сан, Лим Ха-рён, Сон Джон-хак, Сон Джэ-хи, Ким Сон-ён, Ю Джэ-мён, Ли Хён-мин, Чу Хён"
Непорочная Мария,"Хисако Канэмото, Кэнсё Оно, Ёко Хикаса, Микако Комацу, Юки Оно, Аи Какума, Такахиро Сакурай, Нацуки Ханаэ, Кана Ханадзава, Мамико Ното, Масато Кода, Сигэми Икэда, Юкико Маруяма, Горо Танигути, Ёсихидэ Ибата, Тэцуаки Ватанабэ, Такаюки Хамана, Сэидзи Морита, Кодзи Танака, Такэси Исигаки, Ёхэй Кисара, Такуя Мацусита, Кацудзи Морисита, Хидэюки Курата, Масаюки Исикава"
Клиника счастья,"Дарья Мороз, Анатолий Белый, Анна Уколова, Алёна Михайлова, Анна Антонова, Алина Алексеева, Максим Лагашкин, Артём Ткаченко, Роман Маякин, Леонид Ардо, Вадим Маевский, Ирина Миронова, Александр Кириенко, Мария Гардаш, Павел Беклемишев, Игорь Мишин, Татьяна Арцеулова, Наталья Исакова, Максим Филатов, Татьяна Арцеулова, Игорь Мишин"
Паутина 9,"Олег Харитонов, Олег Филипчик, Юрий Брешин, Марина Вайнбранд, Анна Бачалова, Ксения Дементьева, Юлия Писаренко, Владимир Бутенко, Платон Егерев, Дмитрий Мазуров, Владимир Комаров, Степан Коршунов, Михаил Галин, Сергей Лобеев, Игорь Бучнев, Игорь Крачковский, Игорь Ренард-Кио, Дмитрий Парменов, Сергей Долженко, Вячеслав Жуков"
Безопасность,"Никита Высоцкий, Кирилл Плетнёв, Александра Мареева, Даниил Воробьев, Анна Арефьева, Александр Ратников, Дарья Урсуляк, Михаил Грубов, Даниил Белых, Ирина Бякова, Дмитрий Емельянов, Александр Сериков, Никита Высоцкий, Илья Лебедев, Евгения Абдель-Фаттах, Анатолий Максимов, Анна Асриянц, Алексей Кублицкий, Мария Корнеева, Андрей Кивинов"
Рождество в шоколаде,"Мэлоун Томас, Джейсон Бёрки, Реми Хилсон, Джордж Крон, Пэтти Ламберт, Александра Фикен, Джина Хираидзуми, Надя Алиша, Кристен Ваганос, Джуда Эрл, Сандра Л. Мартин, Калеб Веттер, Исаак Алонги, Исаак Алонги, Сандра Л. Мартин, Сандра Л. Мартин"
Film,Cast
Столик номер 21,"Пареш Раваль, Раджив Кханделвал, Тина Десай, Дхрув Ганеш, Ашиш Капур, Ханиф Хиляль, Анкит, Амар Мохиле, Гажендра Верма, Рахул Агасти, Ручика Сетхи, Адитья Датт, Девендра Мурдешвар, Рави Валия, Сунил Лула, Санджай Мехта, Вики Раджани, Абхиджит Дешпанде, Ширшак Ананд, Шантану РэйЧхиббер"
Film,Cast
Окно напротив,"Мария Диззия, Грег Келлер, Джулиана Кэнвилд, Брэт Лада, Джеймс Бакстер, Жослин Пирс, Маршалл Карри, Маршалл Карри, Вольфганг Хельд, Маршалл Карри, Маршалл Карри, Дайан Вайперт"
Я слышу тебя,"Райли Ван, Чжао Лусы"
Дар,"Берен Саат, Мехмет Гюнсюр, Мелиса Шенолсун, Метин Акдюльгер, Дживан Джанова, Башак Кёклюкая, Тим Сейфи, Сенан Кара, Мераль Четинкая, Хазал Тюресан, Сертач Озгюмюш, Эрим Гайретли, Седеф Рамазаногуллари, Тунджай Озджан, Бурджу Алптекин, Гонендж Уяник, Гёкхан Тирьяки, Озан Ачыктан, Эрхан Акар мл., Чичек Кахраман, Корхан Корюрек, Феза Чалдыран, Гёкхан Тирьяки, Серкан Гюльгулер, Джейсон Джордж, Онур Гювенатам, Нуран Эврен Шит, Нуран Эврен Шит, Атасай Коч, Айсин Акбулут"
Золотая капля,Сёрен Фленг
Рикошет,"Александр Устюгов, Екатерина Волкова, Сергей Шнырев, Пётр Рыков, Ингрид Олеринская, Виктория Заболотная, Григорий Зельцер, Елена Муравьева, Константин Адаев, Данила Якушев, Роман Рупышев, Ася Райская, Денис Карышев, Вячеслав Кириллов, Ирина Мичурина, Николай Смирнов, Джаник Файзиев, Рафаел Минасбекян, Денис Карышев, Оксана Ранкова, Денис Карышев, Александр Турбин, Родион Белецкий, Анна Графкова"
По соображениям совести,"Эндрю Гарфилд, Сэм Уортингтон, Тереза Палмер, Люк Брейси, Винс Вон, Хьюго Уивинг, Рэйчел Гриффитс, Натаниэль Бузолич, Ричард Роксбург, Фирэсс Дирани, Руперт Грегсон-Уильямс, Джасинта Леонг, Марк Робинс, Лиззи Гардинер, Ребекка Коэн, Мэл Гибсон, Джон Гилберт, Саймон Дагган, Майкл Бэссик, Лоуренс Бендер, Терри Бенедикт, Леонард Блаватник, Александр Быковский, Владимир Маслаков, Диана Лямина, Александр Койгеров, Артемий Веселов, Роберт Шенккан, Эндрю Найт"
ЛЕГО Звездные войны: Истории дроидов,"Энтони Дэниелс, Том Кэйн, Тревор Дивэлл, Эрик Бауза, Майкл Донован, Майкл Дэйнджерфилд, Хезер Дорксен, Мэтт Слоун, Ли Токар, Кирби Морроу, Мэдс Туксен, Майкл Хэгнер, Мартин Сков, Хенрик Беч, Джейк Блэис, Торстен Якобсен, Вики Кьяэр Дженсен, Джон МакКормак, Владимир Антоник, Александр Воронов, Александр Новиков, Иван Калинин, Василиса Воронина, Майкл Прайс, Мик Келли, Мэтти Смит"
Священник,"Ён У-джин, Чон Ю-ми, Пак Ён-у, Ли Ён-сок, Мун Сук, Сон Джон-хак, О Ён-а, Ю Би, Кан Гён-хон, Чан Хи-рён, Ким Джон-хён, Мун Ман-сэ"
След тигра,"Александр Балуев, Алексей Кравченко, Денис Никифоров, Александр Устюгов, Мария Порошина, Мария Пирогова, Роман Мадянов, Олег Васильков, Вадим Андреев, Руслан Барабанов, Юрий Потеенко, Алексей Козлов, Валерий Дегтярёв, Антон Дементьев, Андрей Тумаркин"
Моя жизнь снова,"Ли Джун-ги, Ли Гён-ён, Ким Джи-ын, Чон Сан-хун, Чхве Гван-иль, Ким Хён-мук, Ким Джин-у, Ким Джэ-гён, Пак Чхоль-мин, Чха Джу-ён, Хан Чхоль-су, Ли Хэ-наль"
Найди меня,"Даная Скиади, Элена Мавриду, Вангелия Адреадаки, Иоанна Асимакопулу, Никос Йоргакис, Мария Йоргиаду, Сирмо Кеке, Анна Маша, Эктор Лиатсос, Лила Баклеси, Ставрос Марконис, Эвелина Дарзента, Анна Зоту, Пьеррос Андракакос, Василис Касвикис, Майкл Искас, Яннис Донос, Димитрис Симос, Пьеррос Андракакос, Вагелис Нассис"
Нижний этаж,"Скайлар Эстин, Брига Хилэн, Рори Сковел, Рене Губе, Джеймс Эрл, Джон К. Макгинли, Алексис Нэп, Эмили Хеллер, Анна Кэмп, Грегг Лерман, Хайди Хиггинботэм, Эмбер Хейли, Энн Х. Аренс, Гейл Манкусо, Фил Льюис, Джоди Марголин, Робби Кантримэн, Энди Зэлл, Джон Мишель, Робин Стриклэнд, Дональд А. Морган, Грегг Хешонг, Джефф Инголд, Билл Лоуренс, Рэндолл Кинан Уинстон, Джефф Астроф, Билл Лоуренс, Грег Мэлинс, Лаура Моран, Дэвид Дж. Бут"
Потерянные сокровища,
Границы,"Вера Фармига, Кристофер Пламмер, Льюис МакДугалл, Кристофер Ллойд, Яхья Абдул-Матин II, Кристен Шаал, Бобби Каннавале, Питер Фонда, Долли Уэллс, Райан Роббинс, Майкл Пенн, Брэд Карсгор, Ариана Прис, Рени Рид, Шана Фест, Мари-Элен Дозо, Дориан Харрис, Сара Мишара, Крис Фергюсон, Брайан Кэвэна-Джонс, Кеннет Бурк, Шана Фест"
Шоколад,"Юн Ге-сан, Ха Джи-вон, Чан Сын-джо, Тео Ю, Мин Джин-ун, Кан Бу-джа, Ли Джэ-рён, Ким Сон-гён, Ли Он-джон, Юн Е-хи, Ли Хён-мин, Ли Гён-хи"
Жена шпиона,"Ю Аои, Иссэй Такахаси, Масахиро Хигасидэ, Рёта Бандо, Юри Цунэмацу, Миносукэ, Хюнри, Такаси Сасано, Чак Джонсон, Нихи, Харуки Кокэцу, Киёси Куросава, Хидэюки Окамото, Тамон Кондо, Рюсукэ Хамагути, Киёси Куросава, Тадаси Нохара"
9 поцелуев,"Риз Уизерспун, Бенедикт Камбербэтч, Лора Дерн, Стив Карелл, Дженни Слейт, Розарио Доусон, Чедвик Боузман, Кристен Стюарт, Джейсон Шварцман, Патриша Аркетт, Роджер Нилл, Каллэн Стоукс, Илэйн Константин, Стивен Харен, Стефен Фирберг, Джоэнна Милтер, Кэти Райан"
Ветер перемен,"Мелани Тьерри, Пьер Деладоншам, Нуну Лопеш, Анастасия Шевцова, Патрик Лэпп, Арно Реботини, Беттина Оберли, Полин Гайяр, Стефан Кюти, Полин Карли Гигакс, Макс Карли, Присцилла Бертин, Антуан Жаккуд, Беттина Оберли, Томас Риттер, Селин Сьямма"
Тень стрекозы,"Карина Разумовская, Илья Соколовский, Антон Батырев, Юрий Анпилогов, Максим Радугин, Григорий Кирдяшкин, Анастасия Немец, Наталья Беляева, Михаил Богдасаров, Анастасия Привалова, Марат Файзуллин, Евгения Царько, Наталия Микрюкова, Виктор Гусаров, Вячеслав Михайлов, Андрей Савенко, Георгий Самсонов, Татьяна Полякова"
Звериная ярость,"Николас Кейдж, Фамке Янссен, Кевин Дюран, Джереми Назарио, ЛаМоника Гаррет, Майкл Империоли, Исаак Сантьяго, Браулио Кастильо мл., Том Уокер, Сьюэлл Уитни, Гийом Руссель, Анита Рамирез, Ник Пауэлл, Рауль Марчанд Санчес, Верн Ноблс, Дэниэл Гродник, Луильо Руис, Брэт Саксон, Стивен Бэйли, Александр Рахленко, Ирина Киреева, Андрей Вальц, Дмитрий Поляновский, Олег Вирозуб, Ричард Ледер"
Я тебе не верю,"Азамат Мусагалиев, Денис Дорохов, Марк Гаврилко, Даня Пронякина, Константин Обухов, Константин Золотарёв, Андрей Левин, Дмитрий Лёвин"
Экскаватор,"Ом Тхэ-ун, Ким Гён-ик, Чон Сэ-хён, Чо Док-чэ, Чо Ён-джин, Сон Джин-хван, Ким Джон-пхаль, Чо Вон-хи, Чан Джин-хи, Щин Ю-рам, Ли Джу-хён, Чхве Хи-ён, Ким Дон-ху, Ким Ки Дук"
Почему он?,"Брайан Крэнстон, Джеймс Франко, Зои Дойч, Меган Маллалли, Гриффин Глюк, Кигэн-Майкл Ки, Седрик «Развлекатель», Зак Перлман, Адам Дивайн, Боб Стивенсон, Теодор Шапиро, Гари Уоршоу, Лиса Эванс, Джен Паскаль, Трейси Спадорсиа, Лия Ролдан, Джон Гамбург, Уильям Керр, Крис Качикис, Джона Хилл, Дэн Ливайн, Шон Леви, Бен Стиллер, Владимир Антоник, Сергей Смирнов, Лина Иванова, Елена Шульман, Глеб Гаврилов, Джон Гамбург, Йен Хелфер, Джона Хилл"
Любовь-инициация,"Сёта Мацуда, Ацуко Маэда, Цурутаро Катаока, Фумино Кимура, Норитакэ Кинаси, Томоя Маэно, Мияби Мацуура, Такахиро Миура, Канро Морита, Аяка Онъиси, Габриэль Роберто, Юкихико Цуцуми, Куруми Инуи"
Ангел маленькой принцессы,"Елизавета Арзамасова, Егор Бероев, Елена Анищенко, Игорь Рагнар, Сергей Смирнов, Эдуард Ханнанов, Александр Саварский, Всеволод Каптур, Анастасия Легойда, Игорь Мещан, Михаил Широков, Александр Саварский"
"Виват, мушкетеры!",Антон Дьяков
За канделябрами,"Майкл Дуглас, Мэтт Дэймон, Дэн Эйкройд, Скотт Бакула, Роб Лоу, Дебби Рейнолдс, Эрик Цуккерман, Эдди Джемисон, Рэнди Лауэлл, Том Роач, Патрик М. Салливан мл., Эллен Мирожник, Барбара Манч, Стивен Содерберг, Стивен Содерберг, Стивен Содерберг, Сьюзэн Экинс, Грегори Джейкобс, Майкл Полейр, Джерри Вайнтрауб, Ричард ЛаГравенес, Скотт Торсон, Алекс Торлейфсон"
Нам не жить друг без друга,"Алиса Кот, Давид Колчин, Никита Лобанов, Антон Ушаков, Александра Белоглазова, Ирина Шиленко, Сергей Ершов, Владислав Сахнов, Любовь Бызева, Маргарита Закович, Андрей Климинов, Игорь Гембель-Зайкин, Карен Захаров, Владимир Звездочкин, Марина Хрипунова, Ирина Босова, Олег Пиганов, Вика Шахназарова, Наталья Марфина"
Страна джунглей,"Чарли Ханнэм, Джек О’Коннелл, Нахим Гарсиа, Фрэн Кранц, Патрик М. Уолш, Джонатан Мэйджерс, Джессика Барден, Мередит Холцман, Ник Маллен, Лорн Бэлф, Майкл Стоун, Мишель Томпсон, Дебра Экхард, Макс Уинклер, Томас Венгрис, Дамиан Гарсиа, Теодор Брессман, Джулс Дэйли, Б. Тед Дейкер, Брэд Фейнштейн, Илья Хвостиков, Иван Калинин, Антон Колесников, Александр Носков, Василиса Эльдарова, Теодор Брессман, Дэвид Брэнсон Смит, Макс Уинклер"
Государство vs биткоин. Биткоин vs государство,"Дмитрий Филатов, Александр Беззубцев, Анатолий Бородин, Александр Мешков, Александр Беззубцев, Александр Беззубцев"
Отыграть назад,"Николь Кидман, Хью Грант, Эдгар Рамирес, Ноа Джуп, Лили Рэйб, Матильда Де Анджелис, Эдан Александр, Майкл Дивайн, Дональд Сазерленд, Исмаэль Крус Кордова, Евгений Гальперин, Саша Гальперин, Даг Хусти, Синье Сейлунд, Кери Ледерман, Сюзанна Бир, Бен Лестер, Энтони Дод Мэнтл, Молли Аллен, Селия Д. Костас, Дэб Дайер, Стивен Гарретт, Дэвид Э. Келли, Джин Ханфф Корелиц"
Гонка века,"Колин Фёрт, Элинор Стэгг, Рэйчел Вайс, Оливер Молтман, Марк Гэтисс, Саймон Макберни, Сэм Хоар, Эви Левентис, Финн Эллиот, Рутгер Хёдемекерс, Йохан Йоханнссон, Жан-Филипп Рио-Пай, Том Кокрейн, Эндрю Манро, Карл Проберт, Астрид Зибен, Джастин Уорбёртон-Браун, Луиз Стьернсворд, Роберт Вишхасен-Хейс, Джеймс Марш, Джинкс Годфри, Джоан Собель, Эрик Готье, Грэм Бродбент, Скотт З. Бёрнс, Николя Моверне, Жак Перрен, Игорь Тарадайкин, Василиса Эльдарова, Наталья Грачёва, Евгений Хазов, Василий Дахненко, Скотт З. Бёрнс"
Ку'дамм 59,"Соня Герхардт, Клаудия Михельсен, Мария Эрих, Эмилия Шуле, Тристан Пюттер, Сабин Тамбреа, Аугуст Витгенштайн, Ульрих Нётен, Лаура Де Бур, Хайно Ферх, Джо Фюрст, Маурус Роннер, Кристиан Бегай, Анна Кюляйн, Штеффен Гайтнер, Мария Шикер, Нэнси Фогель, Михаэль Шрайтель, Беньямин Бенедикт, Беата Браумштедт, Хейк Хемпель, Нико Хофманн, Аннетт Хесс"
Галопом по Европе,"Хулиан Лопес, Эрнесто Севилья, Артуро Вальс, Дафна Фернандес, Ана Милан, Хорди Агилар, Алисия Фернандес, Арета Боладо, Альба Берсабе, Аарон Гомес, Люсия Ленс Коста, Сайоа Лара, Фернандо Гарсиа-Руис Рубио, Нереа Мугерза, Анхель Аморос, Мигель Менендес де Субиллага, Серджо Диаз, Андрей Мишутин, Александр Матвеев, Геннадий Новиков, Алия Насырова, Ольга Плетнёва, Давид Маркес"
Не отпускай его,"Райан Корр, Сара Снук, Крэйг Стотт, Ли Корми, Дэвид Вудс, ПиаГрейс Мун, Теган Хиггинботэм, Джош Бертон, Эндрю С. Гилберт, Алан Джон, Мэнди Биалек-Уэстер, Элис Бэбидж, Роллан Пайк, Нил Армфилд, Дэни Купер, Джермейн МакМикинг, Кайли Ду Фран, Розмари Блайт, Бен Грант, Томми Мерфи"
Ошибки прошлого,"Аден Янг, Эбигейл Спенсер, Дж. Смит-Камерон, Аделаида Клеменс, Клейн Кроуфорд, Люк Кирби, Джейк Остин Уокер, Брюс МакКиннон, Дж.Д. Эвермор, Шон Бриджерс, Гэбриел Манн, Дрю Монахэн, Кори Вашингтон, Кэрол Катшелл, Эни Крэбтри, Стивен Джилленхол, Билл Джирхарт, Рэй Маккиннон, Николь Кэссел, Тревис Ситтард, Скотт Гэмзон, Стивен Лэнг, Хенк Ван Эген, Пол М. Соммерс, Патрик Кейди, Р. Дерек Кинер, Маршалл Персингер, Лори Сломка, Мелисса Бернштейн, Марк Джонсон, Кейт Пауэрс, Виктория Морроу, Рэй Маккиннон, Скотт Тимс"
Реальный Слендермен,"Морган Гейзер, Бенуа Шаре, Ирен Тейлор Бродски, Глэдис Мерфи, Ник Мидвиг, Софи Харрис, Сара Бернштейн, Чарли Хэррингтон, Шила Невинс"
Билл Бёрр: Выступление в Red Rocks,"Билл Бёрр, Майк Байндер, Рики Крус, Джошуа В. Смит, Майк Байндер, Рики Крус, Дэйв Бекки, Майкл Дж. Бертолина, Билл Бёрр"
Зло внутри,"Шон Патрик Флэнери, Дина Мейер, Фредерик Колер, Майкл Берриман, Френсис Гуинан, Брианна Браун, Ким Дарби, Мэттью МакГрори, Тим Бэгли, Рэнди Склар, Марио Григоров, Ричард Берентсен, Хосе Ривера, Шон Сайлэс, Райан Уайт, Эндрю Гетти, Майкл Лусери, Майкл Пальмерио, Стефен Шеридан, Майкл Лусери, Роберт Старк Хикки, Кент Ван Влит, Скотт Путман, Эндрю Гетти"
Прекрасные мелочи,"Кэтрин Хан, Мерритт Уивер, Тэнзин Кроуфорд, Квентин Плэр, Сара Пиджон, Тихуана Рикс, Оуэн Пэйнтер, Джонни Берхтольд, Элизабет Хинклер, Марлоу Баркли, Гэбриел Манн, Ингрид Майклсон, Цзинь Шэнсинь, Алана Морсхэд, Дезире Акхаван, Рэйчел Ли Голденберг, Стэйси Пассон, Филлис Хоусен, Гаррет Прайс, Ребека Пармер, Тобиас Датум, Аеша Басин, Жослин Био, Эллен Фейри, Рэйчел Ли Голденберг, Лиз Тайглаар, Жослин Био, Кейтлин Фэйхи, Эллен Фейри"
Я знаю твои секреты 2,"Агата Муцениеце, Михаил Пшеничный, Алёна Яковлева, Владислав Ветров, Александра Булычёва, Вадим Андреев, Дмитрий Гудочкин, Александр Печенин, Данила Шевченко, Альбина Сирченко, Юрий Шевалин, Ашот Кещян, Анастасия Шипулина, Ирина Романова, Елена Гершанова"
ЛЕГО Шазам: Магия и монстры,"Шон Эстин, Ди Брэдли Бейкер, Трой Бэйкер, Зак Каллисон, Грег Эллис, Ральф Гармен, Грэй Гриффин, Дженнифер Хейл, Джошуа Китон, Том Кенни, Тим Келли, Мэтт Питерс, Крис Мертенс, Лиз Маршалл, Джейсон Кослер, Джеймс Криг, Рик Моралес, Джереми Адамс, Чарльз Кларенс Бек"
Суперсооружения Третьего рейха,"Ричард Линтерн, Джулиан Форсайт, Крис Уилсон, Роберт Меллер, Алекс Хаскин, Джо Менсер, Джон Бойлэн, Сид Беннетт, Гари Джонстоун, Билл Томас, Ричард Бусс, Алекс Левингтон, Пьерс Ли, Пол Кирсоп, Джэми Найтс, Кэролин Пэйн, Эрика Додд, Саймон Янг"
Флоренция и Галерея Уффици 3D,"Марко Чатти, Артуро Галанзино, Саймон Мерреллс, Антонио Натали, Маттео Куралло, Козетта Лагани, Лука Виотто, Валентина Корти, Андреа Фиорентино, Массимилиано Гатти, Козетта Лагани, Франческо Инверницци, Михаил Пиотровский, Лаура Аллиеви, Козетта Лагани"
Око за око,"Луис Тосар, Ксан Сехудо, Исмаэль Мартинес, Энрик Окер, Мария Васкес, Дани Куррас, Ребека Монтеро, Мария Луиза Майоль, Тамара Каноза, Майка Маковски, Хавьер Альвариньо, Виньет Эскобар, Паула Марин, Пако Пласа, Давид Гальярт, Пабло Россо, Мерседес Гамеро, Микель Лехарса, Эмма Лустрес, Боржа Пена, Хуан Галиньянес, Хорхе Геррикаэчеварриа"
Молода и прекрасна,"Марина Вакт, Жеральдин Пайя, Фредерик Пьеро, Шарлотта Рэмплинг, Фантен Рава, Йохан Лейзен, Натали Ришар, Джедже Апали, Люка Призор, Лорен Дельбек, Филипп Ромби, Паскалин Шаванн, Франсуа Озон, Лор Гердетт, Паскаль Марти, Эрик Альтмайер, Николас Альтмайер, Мария Иващенко, Анна Каменкова, Ирина Пономарева, Даниил Трещов, Владимир Левашёв, Франсуа Озон"
Двойная игра,"Тео Джеймс, Бен Кингсли, Бельчим Билгин, Жаклин Биссет, Пешанг Рад, Даниэла Лавендер, Рэйчел Уилсон, Россиф Сазерленд, Брайан Маркинсон, Эйдан Дивайн, Тодор Кобаков, Абделла Баадиль, Моника Саллустио, Рут Секорд, Мэри Керклэнд, Мохамед Ракаа, Пер Флю, Мортен Гис, Янус Биллесков Янсен, Сьюзэн Шиптон, Брендан Стиси, Дэниэл Бекерман, Малене Бленков, Ларс Кнудсен, Илья Крутояров, Александр Воронов, Наталья Казначеева, Андрей Градов, Сергей Казаков, Пер Флю, Дэниэл Пайн, Майкл Суссан"
Манк,"Гари Олдман, Аманда Сайфред, Лили Коллинз, Том Пелфри, Арлисс Ховард, Таппенс Мидлтон, Моника Госсманн, Джозеф Кросс, Сэм Тротон, Тоби Леонард Мур, Трент Резнор, Аттикус Росс, Крис Крейн, Джек Такер, Дэн Уэбстер, Триш Саммервилл, Джен Паскаль, Дэвид Финчер, Кирк Бакстер, Эрик Мессершмидт, Сиан Чаффин, Уильям Дойл, Питер Мавромэйт, Никита Прозоровский, Алёна Созинова, Таисия Тришина, Иван Калинин, Андрей Казанцев, Джек Финчер"
Сама жизнь,"Мартин Скорсезе, Вернер Херцог, Ава ДюВерней, Эррол Моррис, Роджер Эберт, Стефен Стэнтон, Рамин Бахрани, Джин Сискел, Стив Джеймс, Грегори Нава, Джошуа Абрамс, Стив Джеймс, Стив Джеймс, Дэвид Э. Симпсон, Дэна Куппер, Гаррет Баш, Стив Джеймс"
Команда Дино,Айдэн Бьюн
Курс биологии,"Гленн Хауэртон, Лайрик Льюис, Мэри Сон, Джин Вильепике, Пэттон Освальт, Апарна Бриэль, Ник Пейн, Эллисин Эшли Арм, Эдди Ливи, Джейкоб Хьюстон, Джефф Кардони, Шэннон Уолш, Брендан О’Коннор, Раф Лайдон, Османи Родригес, Кэти Лок О’Брайэн, Эндрю ДеЯнг, Ричи Кин, Дэйн МакМастер, Колин Джонсон, Адам Лихтенштейн, Роб Барнетт, Блейк МакКлюр, Гленн Хауэртон, Сет Майерс, Лорн Майклз, Майкл Патрик О’Брайэн, Майкл Патрик О’Брайэн, Роб Клейн, Доник Кэри, Эмили Катлер"
Бондарчук. Battle,"Сергей Бондарчук, Кристофер Пламмер, Никита Михалков, Фёдор Бондарчук, Анастасия Вертинская, Катарина Кубрик, Марта Де Лаурентис, Людмила Савельева, Том Харпер, Ирина Скобцева, Игорь Вдовин, Илья Белов, Иван Юдин, Рафаэль Булатов, Максим Игнатенко, Фёдор Бондарчук, Наталья Голодова, Настасья Гомиашвили, Мария Далакян, Антон Желнов, Денис Катаев"
Национальная трасса 10,"Анушка Шарма, Нил Бхупалам, Даршан Кумар, Дипти Навал, Дипак Арора, Каран Гур, Даршан Ратод, Санджив Ратод, Эка Лакхани, Навдип Сингх, Джабин Мерчант, Арвинд Каннабиран, Викас Баль, Анураг Кашьяп, Кришика Лулла, Мадху Мантена Варма, Судип Шарма"
Счастье,"Лаура Мырзахметова, Ерболат Алкожа, Алмагуль Казихан, Айтолкын Рустенбекова, Аскар Узабаев, Максим Задарновский, Баян Алагузова, Анна Качко, Аскар Узабаев, Динара Сатжан, Асем Жапишева, Аскар Узабаев"
Холодная война,"Йоанна Кулиг, Томаш Кот, Борис Шиц, Агата Кулеша, Седрик Кан, Жанна Балибар, Адам Воронович, Адам Ференцы, Дражен Сивак, Славко Собин, Ола Сташко, Марсель Славиньский, Катажина Собанска-Стрзалковска, Павел Павликовский, Ярослав Камински, Лукаш Жаль, Сильви Барте, Дэниэл Баттсек, Малгоша Бела, Татьяна Шитова, Александр Коврижных, Александр Лучинин, Наталья Казначеева, Антон Савенков, Януш Гловацкий, Петр Борковски, Павел Павликовский"
Мама по контракту,"Анна Уколова, Агриппина Стеклова, Анастасия Макеева, Ксения Черноскутова, Виталий Герасимов, Ульяна Ворожейкина, Дмитрий Готсдинер, Никита Емшанов, Эра Зиганшина, Александра Мельник, Михаил Мокеев, Борис Мнухин"
Связь,"Венсан Кассель, Ева Грин, Жерар Ланвен, Питер Муллан, Дэниэл Френсис, Ирен Жакоб, Станислас Мерхар, Летиция Эйдо, Оливия Попика, Патрик Кеннеди, Уолтер Мэр, Тая Фрэйзер, Аласдер МакКэй, Эндрю Манро, Алекс Станнус, Стивен Хопкинс, Крис Гилл, Джон Смит, Питер Леви, Эдвард Барлоу, Томас Бассетт, Джоани Блэйки, Руперт Брэй, Александр Койгеров, Виктория Войнич-Слуцкая, Александр Аравушкин, Максим Сергеев, Александр Матвеев, Виржини Брак, Оливер Батчер"
"Ништяк, браток","Джонни Райан, Лиза Ханауолт, Эмили Хеллер, Сью Блэкмор, Артур Джонс, Дрю Блатман, Аарон Уикенден, Джорджо Анджелини, Гай Моссман, Джорджо Анджелини, Кэрин Капотосто, Аарон Уикенден, Джорджо Анджелини, Артур Джонс, Аарон Уикенден"
Нашествие варваров,"Майкл Или, Барри Штраусс, Ричард Ридделл, Джулиан Костов, Кирсти Митчелл, Том Хоппер, Иэн Битти, Джош Болт, Финтан Маккьюэн, Стивен Беркофф, Джош Этчли, Иван Ранхелов, Ребекка Гор, Лора Венкова, Деклан О’Двайр, Морис Суини, Саймон Джордж, Льюис Элброу, Дэвид Баррет, Алекс Эмсли, Джон Гиббс, Гари Кларк, Ричард Кендрик, Кристен Барнс, Пол Кабана, Александр Эммерт, Крис Фэллон, Саймон Джордж"
30 сребреников,"Эдуард Фернандес, Меган Монтанер, Мигель Анхель Сильвестре, Макарена Гомес, Пепон Ниэто, Маноло Соло, Козимо Фуско, Мануэль Тальяфе, Пол Джаматти, Найва Нимри, Роке Баньос, Хосе Луис Аррисабалага, Бьяффра, Паола Торрес, Мигель Сервера, Алекс де ла Иглесиа, Доминго Гонсалес, Мануэль Бауэр, Пабло Россо, Карлос Баеза, Каролина Банг, Алекс де ла Иглесиа, Хорхе Геррикаэчеварриа, Хорхе Геррикаэчеварриа, Алекс де ла Иглесиа"
Грандиозное шоу,"Сон Сын-хон, Ли Сон-бин, Лим Джу-хван, Но Джон-и, Пак Ха-на, Сон Бён-хо, Ким Дон-ён, Хёк, Чон Джун-вон, Сон Ё-сэп, Щин Ён-хви, Ким Джон-ук, Соль Джун-сок"
Мистер Динамит: Восхождение Джеймса Брауна,"Джеймс Браун, Кристиан МакБрайд, Бобби Бёрд, Грег Тейт, Луис Джордан, Дюк Эллингтон, Мик Джаггер, Джон Старкс, Юджин «Бык» Коннор, Эл Шарптон, Алекс Гибни, Гита Гандбир, Майя Мамма, Мариза Альберти, Антонио Росси, Питер Афтерман, Блэр Фостер, Мик Джаггер, Виктория Пиэрман, Алекс Гибни"
Принцесса-медуза,"Нон, Масаки Суда, Хироки Хасэгава, Тидзуру Икэваки, Рина Ота, Томоэ Синохара, Адзуса Бабадзоно, Мокомити Хаями, Акико Хигасимура, Сэи Хираидзуми, Кэнъити Маэямада, Аки Касай, Тамами Идэ, Таисукэ Кавамура, Хироаки Морисита, Дзюн Фукумото, Ёко Идэ, Такуя Мацусита, Мицуру Уда, Рюта Хасимото, Акико Хигасимура, Тосия Оно"
Американский жиголо,"Джон Бернтал, Гретхен Мол, Лиззи Брошере, Гэбриел ЛаБелль, Лиленд Орсер, Рози О’Доннелл, Алекс Фернандес, Уэйн Брэди, Лаура Лигуори, Йолонда Росс, Марсело Зарвос, Эллен Кинг, Стефани Льюис, Дэйна Пинк, Дорит Херст, Дэвид Холландер, Дэмиэн Маркано, Грегг Араки, Наташа Брайер, Джон Акснесс, Мириам Ким, Линн Уиллингэм, Роберт МакЛаклен, Наташа Брайер, Дэниэл Родригез, Никки Тоскано, Павлина Хатупис, Дэвид Бар Кац, Дэвид Холландер, Йолонда Росс"
Летящий Пенджаб,"Шахид Капур, Алиа Бхатт, Карина Капур, Дилджит Досанджх, Сатиш Каушик, Манав Видж, Ванш Бхардвай, Сухаил Найар, Прабхджот Сингх, Нарен Чандваркар, Бенедикт Тейлор, Амит Триведи, Паял Салуджа, Тедди Маурья, Абхишек Чаубей, Мегна Манчанда Сен, Раджив Рави, Викас Баль, Аман Гилл, Экта Капур, Шобха Капур, Судип Шарма, Абхишек Чаубей"
Черная река,"Павел Трубинер, Анастасия Стежко, Владимир Селезнев, Семён Шкаликов, Антонина Комиссарова, Павел Делонг, Дарья Повереннова, Кирилл Каганович, Анастасия Сорокина, Юрий Цурило, Игорь Бабаев, Анастасия Беляева, Стас Иванов, Кирилл Арасланов, Михаил Верийский, Сергей Багиров, Артём Ионин, Стас Иванов"
Агнец,"Нуми Рапас, Хильмир Снайр Гвюднасон, Бьёдн Хлинур Харальдссон, Ингвар Эггерт Сигюрдссон, Эстер Биби, Аднтрудюр Дёгг Сигюрдардоуттир, Торарин Гвюднасон, Маргрет Эйнарсдоуттир, Вальдимар Йоханнссон, Агнешка Глинска, Эли Аренсон, Пиодор Густафссон, Хрёдн Кристинсдоуттир, Сара Нассим, Ян Нашевски, Сьон, Вальдимар Йоханнссон"
Зов дикой природы,"Экрем Энгизек, Тимо Дж. Мэйер, Экрем Энгизек, Тимо Дж. Мэйер, Экрем Энгизек, Тимо Дж. Мэйер"
Моя жизнь — убийство,"Люси Лоулесс, Эбони Вэгулэнс, Равири Джоб, Джозеф Науфаху, Бернард Керри, Мартин Хендерсон, Алекс Цицопулу, Джоэль Хайнс, Буркхард фон Далльвиц, Бретт Эплин, Аделе Флер, Лиз Томпсон-Невитт, Майкл Чишолм, Сара Бил, Мат Кинг, Майкл Херст, Кил МакНотон, Майк Смит, Эрик Де Бёс, Джули-Энн Де Руво, Карли Тернер, Мэттью Темпл, Нина Уэллс, Рено Маире, Рева Харре, Люси Лоулесс, Клер Тонкин, Тим Пай, Рэйчел Энтони, Клер Тонкин, Рик Мэйер, Крис Хоукшоу, Кейт Макдермотт"
Как закалялся стайл,"Александр Ярмак, Евгений Янович, Анна Седокова, Алексей Горбунов, Алексей Маклаков, Арина Петрова, Илья Прокопив, Сергей Бондаренко, Сергей Воляновский, Ярослав Игнатенко, Валентин Шпаков"
Я не этого ожидал,"Такеши Канеширо, Чжоу Дунъюй, Сунь Ичжоу, Мин Си, Тони Ян, Чан Кочу, Гао Сяосун, Дерек Хуэй, Ли Юйань, Сюй Имэн"
Как я стал гангстером. Правдивая история,"Марцин Ковальчик, Томаш Влосок, Наталия Сивец, Ян Фрыч, Адам Воронович, Адам Бобик, Петр Рогуцкий, Януш Хабёр, Юзеф Павловский, Катажина Левинска, Анна Марзеда, Мацей Кавульски, Мацей Кавульски, Мацей Кавульски, Кшиштоф Гуречный"
С днём рождения,"Катрин Денёв, Эмманюэль Берко, Венсан Макен, Седрик Кан, Луана Байрами, Летиция Коломбани, Алан Артюр, Алис Камбурнак, Эмили Ферренк, Седрик Кан, Ян Деде, Ив Кап, Од Катлен, Сильви Дантон, Бенуа Кенон, Алехандро Аренас, Фанни Бурдино, Самюэль Ду, Седрик Кан"
Все сложно,"Ирина Старшенбаум, Риналь Мухаметов, Чулпан Хаматова, Алёна Бабенко, Денис Шведов, Юлия Ауг, Иева Андреевайте, Варвара Шмыкова, Женя Беркович, Вячеслав Морозов, Надежда Грицкевич, Влада Миронова, Ната Покровская, Антон Уткин, Ната Покровская, Антон Уткин, Евгений Антипов, Галина Мосалова, Полина Курохтина, Сергей Карпов, Александра Романцова, Валерий Панюшкин, Ната Покровская, Антон Уткин, Риналь Мухаметов"
Цветы дождя,"Мила Сивацкая, Макар Тихомиров, Оксана Жданова, Владислав Никитюк, Людмила Загорская, Владислав Мамчур, Игорь Тихомиров, Светлана Штанько, Владислав Онищенко, Владимир Осадчий, Владлен Пупков, Шевкет Сейдаметов, Роман Бровко, Артем Васильев, Алла Липовецкая, Марина Квасова, Леся Волошина"
Соня и Леня,"Анастасия Ясева, Алексей Костричкин, Анна Урюмцева, Денис Некрасов, Диомид Виноградов, Никита Чернат, Игорь Бабаев, Варвара Краминова, Александра Шаряпова, Денис Воронин, Арсений Овчинников, Павел Разумов, Иван Одоевский"
Орлы,"Эдвард Олссон, Пер Лассон, Шарлотта Йонсон, Маркус Олсон, Аманда Адольфссон, Аннели Оссиандер, Бритта Норелл, Габриэль Мкртчян, Андрес Ригнелль, Эрик Лундквист"
Люпен III: Кровь Гоэмона Исикавы,"Канъити Курита, Даисукэ Намикава, Масуо Амада, Хисао Эгава, Такая Хаси, Киёси Кобаяси, Миюки Кобори, Ацуси Мияути, Ацуёси Миядзаки, Тосифуми Накабаяси, Джеймс Симодзи, Аями Хидака, Тамико Канэмори, Сэики Тамура, Нацуэ Мурамото, Такэси Коикэ, Ёсихиро Касахара, Дзиро Тадзава, Ю Киёдзоно, Рёта Като, Сюхэй Като, Юко Сиба, Юта Такахаси, Манки Панч"
Лесник. Своя земля,"Олег Штефанко, Анна Большова, Алексей Булдаков, Нина Гогаева, Александр Тютин, Михаил Васьков, Владимир Тимофеев, Михаил Солодко, Николай Сморчков, Вадим Александров, Владимир Сайко, Виктор Конисевич, Иван Щёголев, Алексей Макаров, Игорь Рукин, Андрей Тартаков, Юрий Осипов, Михаил Соханенков, Андрей Тартаков, Яна Симон, Дмитрий Чебаков, Александр Пайгалик"
Африка,"Алексей Родионов, Олег Чугунов, Екатерина Гусева, Игорь Петренко, Марк Вдовин, Алиса Клагиш, Денис Казандайкин, Андрей Гаркунов, Лили, Жаклин, Лина Герц, Дарья Биневская, Надя Славецкая, Дмитрий Горевой, Дмитрий Белосохов, Эльбор Чернов, Андрей Матвеев, Денис Гордиенко, Дарья Биневская"
Клара и волшебный дракон,"Вероника Лукьяненко, Александр Погребняк, Сергей Солопай, Дмитрий Завадский, Матвей Николаев, Кирилл Никитенко, Дмитрий Викулов, Дмитрий Гаврилов, Юрий Сосков, Екатерина Башкина-Зленко, Александр Клименко, Александр Клименко, Светлана Пономаренко, Юрий Левчук, Владимир Хуткий, Таисия Тришина, Женя Отрадная, Кирилл Скрипник, Андрей Градов, Павел Кипнис, Сергей Грабарь, Александр Клименко"
Шоу начинается!,"Пак Хэ-джин, Чин Ги-джу, Ко Гю-пхиль, Чон Джун-хо, Чон Сог-ён, Пак Со-ён, Ким Джон-хун, Чха Ми-гён, Ким Вон-хэ, Ан Чхан-хван, Ли Хён-мин, Чон Сан-хи, Ха Юн-а"
Рождественские приключения,"Рэйчел Ли Кук, Грейстон Холт, Джон Кор, Робин Брэдли, Эрика Эллиот, Себастьян Гаки, Кит МакКекни, Рэйлин Хэрвуд, Мэтт Кларк, Патриция Хэррас, Кэтрин Киран, Рон Ёсида, Питер Статис, Рэйчел Ли Кук, Джэми Горинг, Джим Хэд, Кирстен Хансен"
Призрачная башня,"Джефф Дэниелс, Тахар Рахим, Ренн Шмидт, Билл Кэмп, Луис Канселми, Вирджиния Кулл, Элла Рэй Пек, Салливан Джонс, Майкл Стулбарг, Питер Сарсгаард, Уильям Бейтс, Марси Мадд, Адам Шер, Эмилия Ру, Крейг Зиск, Джон Дал, Али Селим, Майкл Словис, Дэниэл А. Вальверде, Мэг Ретикер, Джим Дено, Фредерик Элмс, Айвен Страсберг, Батшеба Доран, Питер Фельдман, Скотт Фергюсон, Дэн Футтерман, Шеннон Хьюстон, Батшеба Доран, Адам Рэпп, Дэн Футтерман"
Линия,"Самвел Тадевосян, Ани Хачикян, Айк Маркарян, Самвел Топалян, Элен Саргсян, Айк Петросян, Давид Акопян, Георгий Овакимян, Нелли Херанян, Вардан Петросян, Армен Мартиросян, Марина Тадевосян, Мгер Мкртчян, Эдуард Амбарцумян, Ваагн Тер-Акопян, Рубен Джагинян, Карен Казарян, Лилит Мартиросян, Мгер Мкртчян"
Удача,"Эва Ноблесада, Саймон Пегг, Джейн Фонда, Вупи Голдберг, Колин О’Донохью, Лил Рел Ховери, Флула Борг, Джон Ратценбергер, Аделинн Спун, Грэй Гриффин, Джон Дебни, Эрни Ринар, Пегги Холмс, Хавьер Абад, Уильям Дж. Капарелла, Дэвид Айзенманн, Дэвид Эллисон, Дэна Голдберг, Альваро Фигеро, Элиза Мартиросова, Михаил Хрусталёв, Елена Шульман, Надежда Подъяпольская, Глеб Гаврилов, Ребека Карраско, Хуан Де Диос, Хулиан Муньос Ромеро, Кил Мюррэй"
Нотр-Дам в огне,"Самюэль Лабарт, Жан-Поль Бордес, Мишель Шириньян, Жюль Садуги, Жереми Лаэрт, Хлоя Жуанне, Вассили Шнайдер, Ава Байа, Себастьян Лаланн, Саймон Франглен, Адриен Дюран, Алексис МакКензи Майн, Доминик Муасан, Джесси Купперман, Жан-Жак Анно, Рейнальд Бертран, Жан-Мари Дрюжо, Ардаван Сафэ, Жером Сейду, Жан-Ив Асселин, Мари де Сениваль, Жан-Жак Анно, Томас Бидеген"
Третий вид любви,"Лю Ифэй, Сон Сын-хон, Эдди О, Мэн Цзя, Джесси Цзян, Белла Ду, Ирен Сун, Сюэ Юаньюань, Джон Х. Ли, Ню Хань"
Город лунного луча,"Кейт Мара, Элизабет Бэнкс, Роб Лоу, Уилл Форте, Скотт Гэйрднер, Кри Саммер, Томми Блача, Джон О’Харли, Карлос Аласраки, Райан Перез, Марк Брукс, Эмили Кавано, Антонио Каноббио, Марк Брукс, Джуно Джон Ли, Бэрри Дж. Келли, Джефф Пикарелло, Марк Брукс, Джеймс Мэрилл, Захари Бекман, Томми Блача, Скотт Гэйрднер, Райан Перез, Скотт Гэйрднер, Томми Блача, Эндрю Вейнберг"
Брат или Брак,"Куралай Анарбекова, Даурен Сергазин, Нурлан Сабуров, Абунасыр Сериков, Бауыржан Каптагай, Таукел Мусилим, Мурат Бисенбин, Олжас Абай, Никита Карев, Ернар Нургалиев, Шерхан Тансыкбаев, Куралай Анарбекова, Алишер Утев, Арыстан Каунев, Адилбек Сейылхан"
Наследники,"Николас Браун, Брайан Кокс, Киран Калкин, Питер Фридман, Мэттью Макфэдиен, Алан Рак, Сара Снук, Джереми Стронг, Дж. Смит-Камерон, Скотт Николсон, Николас Брителл, Молли Микула, Марси Мадд, Ким Дженнингс, Кармен Карденас, Марк Майлод, Андрий Парекх, Шари Спрингер Берман, Роберт Пульчини, Кен Элуто, Джейн Риццо, Уильям Генри, Энн Маккейб, Патрик Капоне, Кристофер Норр, Кэтлин Аризменди, Андрий Парекх, Джесси Армстронг, Маив Каллинейн, Уилл Феррелл, Адам Маккей, Джесси Армстронг, Сьюзэн Сун Хи Стэнтон, Джорджия Притчетт, Тони Рош"
Карман России,"Сергей Нурмамед, Сергей Нурмамед, Анатолий Нурмамед, Дмитрий Курчатов, Вадим Чаюков, Михаил Оркин, Леонид Парфенов, Леонид Парфенов"
Миссис Харрис едет в Париж,"Лесли Мэнвилл, Изабель Юппер, Ламбер Вильсон, Альба Баптиста, Лукас Браво, Эллен Томас, Роуз Уильямс, Джейсон Айзекс, Анна Чэнселлор, Бертран Понсе, Раэль Джонс, Аттила Диги Кёвари, Эндрю Манро, Норберт Надь, Золтан Шарди, Дженни Беван, Фотини Диму, Нора Тальмайер, Энтони Фабиан, Барни Пиллинг, Феликс Видерманн, Даниэль Альфано, Гийом Бенски, Филипп Каркассон, Ильда Диффли, Елена Харитонова, Любовь Германова, Михаил Хрусталёв, Екатерина Бранд, Глеб Гаврилов, Кэрролл Картрайт, Энтони Фабиан, Кит Томпсон, Оливия Хитрид"
Девушка пробуждается,"Бетани Витмор, Эмбер МакМахон, Мэттью Уиттэт, Имон Фэррен, Тильда Кобэм-Херви, Имоджен Арчер, Майя Стюардсон, Эрика Брайан, Розмари Майерс, Каррин де Синк, Эндрю Коммис, Джо Дайер, Розмари Майерс, Мэттью Уиттэт"
Тетя Хильда,"Сабин Азема, Жозиан Баласко, Франсуа Морель, Брюно Лоше, Сергей Владимиров, Жиль Детруа, Бернард Буллон, Кристиан Тапонар, Лайн Уибле, Серж Бессе, Бенуа Тьен, Жак-Реми Жирер, Бенуа Рази, Жак-Реми Жирер, Стефан Роэлантс, Жак-Реми Жирер, Бенуа Тьен, Юрий Черенков"
Эксперименты,"Даня Крастер, Александр Пушной, Андрей Шавкеро, Максим Рыбаков, Антон Федотов, Александра Гройсман, Саид Давдиев, Даниил Пиктурный"
25-й час,"Татьяна Арнтгольц, Жанна Эппле, Антон Хабаров, Александр Кобзарь, Таисия Шипилова, Николай Иванов, Николай Боклан, Виктория Билан, Валерий Сковронский, Дарья Трегубова, Тимур Полянский, Юрий Здоренко, Николай Михайлов, Владимир Иванов, Лариса Журавская, Влад Ряшин, Александр Зеленко, Анна Ольховская, Яна Дубинянская, Ярослава Сегал"
Джорнимен,"Пэдди Консидайн, Джоди Уиттакер, Пол Попплуэлл, Тони Питтс, Энтони Уэльс, Гарри Эскотт, Сюзанн Кейв, Лаура Марш, Пэдди Консидайн, Пиа Ди Чаула, Лори Роуз, Дермид Скримшо, Роуз Гарнетт, Марк Гудер, Венди Гриффин, Пэдди Консидайн"
Спасибо деду за победу,"Егор Бероев, Ксения Алферова, Кесоу Хагба, Адгур Малия, Алексей Онежен, Софья Агумава, Теймураз Тания, Артём Быстров, Фархад Махмудов, Саида Отарова, Михаил Морсков, Артем Федотов, Теймураз Тания, Алексей Стрелов, Саид Давдиев, Теймураз Тания, Занда Какалия, Теймураз Тания, Гаджи Атаев, Андрей Галанов"
Пропасть,"Чарльз-Андре Годро, Дэн Каллен, Дерин Каллен"
Инициал Ди: Финальная стадия,"Ацуси Абэ, Юка Хиросэ, Осаму Хосои, Мицуо Ивата, Ясуюки Касэ, Хидэнобу Киути, Саори Хаями, Юми Какадзу, Митико Нэя, Ая Эндо, Мицуо Хасимото, Каё Фукуда, Нобуаки Кисима, Хироси Тода"
Ванда/Вижн,"Элизабет Олсен, Пол Беттани, Кэтрин Хан, Тейона Паррис, Джош Стэмберг, Рэндалл Пак, Кэт Деннингс, Джулиан Хиллиард, Джетт Клине, Эван Питерс, Кристоф Бек, Алекс Ковач, Сандра Дойл Кармола, Шэрон Дэвис, Рэйчел Робб Кондрат, Чикако Сузуки, Мэтт Шекман, Зене Бэйкер, Нона Ходай, Тим Рош, Майкл А. Веббер, Джесс Холл, Гретчен Эндерс, Кевин Файги, Сара Финн, Жаклин Шеффер, Питер Камерон"
Люди Икс: Апокалипсис,"Джеймс МакЭвой, Майкл Фассбендер, Дженнифер Лоуренс, Николас Холт, Оскар Айзек, Роуз Бирн, Эван Питерс, Джош Хелман, Софи Тёрнер, Тай Шеридан, Джон Оттмен, Кэролайн Алдер, Рави Бансал, Дэвид Гоше, Мишель Лалиберт, Вероник Мюнье, Шарлотт Руло, Луиз Мингенбах, Ив Булоне, Жофруа Гослен, Энн Калджиэн, Брайан Сингер, Майкл Луис Хилл, Джон Оттмен, Ньютон Томас Сигел, Саймон Кинберг, Хатч Паркер, Брайан Сингер, Блондел Айду, Евгений Вальц, Илья Исаев, Татьяна Шитова, Василий Зотов, Владимир Рыбальченко, Саймон Кинберг, Брайан Сингер, Майкл Догерти, Дэн Харрис"
Ходячие мертвецы: Красное мачете,"Анаис Лилит, Хосе Росете, София Эсмаили, Майкл Фостер, Дави Джей, Джефф Кобер, Кристофер Трой, Джонатан Ричард Кинг, Джейсон Эйкерс, Сэм Юинг, Эви Йобиан, Элис Брукс, Ноам Дроми, Джей Уильямс"
Жвалы,"Давид Марсе, Грегуар Людиг, Адель Экзаркопулос, Индия Хэйр, Ромео Элвис, Корали Руссье, Брюно Лоше, Рафаэль Кенар, Гаспар Ожэ, Тома Бланшар, Жоан Ле Бору, Изабель Паннетье, Квентин Дюпьё, Квентин Дюпьё, Квентин Дюпьё, Юго Селиньяк, Венсан Мазель, Филипп Логи, Патрик Кине, Квентин Дюпьё"
Битва при Лонгтане,"Трэвис Фиммел, Тоби Блом, Александр Инглэнд, Аарон Гленнэйн, Ули Латукефу, Ричард Те Аре, Люк Брейси, Шон МакКарти, Моджиан Ариа, Райан Хэнс, Кэйтлин Йо, Лиззи Гардинер, Эмма Радкин, Крив Стендерс, Вероника Жене, Бен Нотт, Стюарт Битти, Эндрю Манн, Сильвио Салом, Артем Бордовский, Константин Панченко, Олег Фёдоров, Александр Разбаш, Александр Демич, Стюарт Битти, Джеймс Николас, Карел Седжерс, Пол Салливан"
Французская революция,"Марилу Оссийу, Лайонел Эрдоган, Дуду Маста, Жюльен Фрисон, Колин Бил, Дмитрий Сторож, Амир Эль Касем, Арно Буньор, Жереми Розан, Эдуард Салье, Сирил Беснард, Йохан Эрбе, Амели Массутье, Антуан Санье"
Навсегда моя девушка,"Алекс Роу, Джессика Рот, Эбби Райдер Фортсон, Трэвис Тритт, Питер Кэмбор, Джиллиан Вигмэн, Джудит Хоаг, Тайлер Риггз, Джон Бенжамин Хикки, Морган Александрия, Бретт Бойетт, Эулин Колетт Хафки, Линн Митчелл, Бетани Эштон, Присцилла Недд-Френдли, Дуан Мэнуиллер, Мики Лиделл, Дженнифер Хилтон, Пит Шилеймон, Малек Ханин, Бетани Эштон, Хайди МакЛафлин"
Флауэрсы,"Софи Ди Мартино, Оливия Колман, Джулиан Бэррэтт, Дэниэл Ригби, Уилл Шарп, Лейла Хоффман, Колин Хёрли, Джорджина Кэмпбелл, Энгус Райт, Хелен Криппс, Артур Шарп, Рози Кларк, Беки Харви, Сэм Перри, Кэйси Уильямс, Уилл Шарп, Селина МакАртур, Джэми Кэйрни, Филип Кларк, Фиона МакДермотт, Уилл Шарп"
"Я призываю тебя, золото!","Хан Джи-хе, Ён Джон-хун, Ли Тхэ-сон, Пэк Чин-хи, Пак Со-джун, Ким Хён-джун, Чо Ын-сук, Чхве Джу-бон, Чхве Мён-гиль, Кым Бо-ра, Чхве Ын-гён, Ли Хён-сон, Ха Чхон-ок"
Прошлое умеет ждать,"Татьяна Арнтгольц, Сергей Перегудов, Светлана Смирнова-Кацагаджиева, Сергей Марин, Елена Мартыненко, Денис Пьянов, Мария Капустинская, Андрей Дидик, Вадим Сквирский, Филипп Дьячков, Камиль Абдуллин, Игорь Нурисламов, Кристина Никифорова, Виктор Боголюбов, Евгения Вильшанская, Александр Жигун, Кирилл Нерсесян, Елена Шалимова, Виктория Платова"
Хилы,"Стивен Амелл, Александр Людвиг, Элисон Лафф, Рокстон Гарсиа, Робби Рамос, Мэри МакКормак, Келли Бёрглунд, Аллен Мальдонадо, Кристофер Бауэр, Трей Такер, Джефф Кардони, Даг Фик, Карлтон Ли мл., Лаура Каннингэм, Джавед Нурулла, Питер Сигал, Джессика Лори, Майкл Леманн, Джейсон Гоурсон, Мэттью Рэмси, Тимоти Дж. Фили, Ларри Блэнфорд, Родни Тейлор, Майк О’Мэлли, Питер Сигал, Майкл Уолдрон, Рэйчел Олтер, Майкл Уолдрон"
Паранойя,"Лиам Хемсворт, Гари Олдман, Эмбер Хёрд, Харрисон Форд, Лукас Тилл, Эмбет Дэвидц, Джулиан МакМэхон, Джош Холлоуэй, Ричард Дрейфусс, Анджела Сарафян, Junkie XL, Скотт Дж. Андерсон, Лука Моска, Нэнси Най, Дэвид Смит, Роберт Лукетич, Трэйси Адамс, Дэни Купер, Дэвид Тэттерсолл, Уильям Д. Джонсон, Скотт Ламберт, Александра Милчэн, Дипак Наяр, Александр Гаврилин, Никита Прозоровский, Марьяна Спивак, Владимир Антоник, Александр Комлев, Джейсон Холл, Барри Л. Леви, Джозеф Финдер"
Хроники ломбарда,"Мэтт Диллон, Брендан Фрейзер, Винсент Д’Онофрио, Пол Уокер, Кевин О. Ранкин, Лукас Хаас, Чи МакБрайд, Элайджа Вуд, Ди Джей Куоллс, Пелл Джеймс, The Newton Brothers, Джереми Вулси, Кристофер Лоуренс, Жанетт Скотт, Уэйн Крэймер, Сара Бойд, Джим Уайтакер, Дэвид Мимран, Стивен Шнайдер, Джордан Шур, Ник Турлоу, Василий Дахненко, Юрий Деркач, Диомид Виноградов, Алексей Мясников, Александр Гаврилин, Адам Минарович"
Государственный секретарь,"Теа Леони, Тим Дейли, Эрих Берген, Желько Иванек, Уоллис Карри-Вуд, Патина Ренеа Миллер, Эван Ро, Джеффри Аренд, Кэтерин Херцер, Кит Кэрредин, Transcenders, Крэйг Синдер, Брайан Гудвин, Марисса Коцилимбас, Маттео Де Космо, Дебора Уитли, Эрик Столц, Феликс Энрикез Алькала, Роб Дж. Гринли, Шарлотта Брандстром, Джон Мюррэй, Майкл Д. Орнштейн, Венди Смит, Майкл Лим, Лиран Каханов, Джонатан Браун, Барбара Холл, Теа Леони, Морган Фриман, Сэм Хоффман, Барбара Холл, Дэвид Грае, Мэтт Уорд, Джой Э. Грегори"
Рамс,"Наото Фукасава, Дитер Рамс, Брайан Ино, Гари Хастуит, Кайла Склар, Люк Гейссбухлер, Гари Хастуит, Джессика Эдвардс"
Девушки и танки,"Маи Футигами, Аи Каяно, Мами Одзаки, Икуми Накагами, Юка Игути, Мисато Фукуэн, Микако Такахаси, Кана Уэда, Мика Кикути, Мая Ёсиока, Сиро Хамагути, Хирофунэ Ханэ, Тосиэ Хонда, Эидзи Ивасэ, Гоити Катаносака, Кадзуми Катаока, Синобу Такахаси, Цутому Мидзусима, Масато Ёситакэ, Пак Хё-гю, Ёсихиро Сэкия, Ёхэй Хаяси, Томоми Кётани, Киёко Мацумура, Кадзуёси Нисикава, Рэйко Ёсида, Фумиканэ Симада"
Мылодрама,"Сергей Бурунов, Ростислав Бершауэр, Григорий Калинин, Юрий Грубник, Маруся Климова, Анна Котова, Кирилл Мелехов, Ольга Дибцева, Сергей Штатнов, Евгений Сармонт, Гоар Мамиконян, Илья Куликов, Сергей Федотов, Игорь Киселёв, Илья Куликов, Андрей Семенов, Николай Картозия, Алена Мараховская, Илья Куликов"
Триада,"Борис Дергачев, Дарья Мороз, Любовь Аксёнова, Анастасия Калашникова, Александр Пташенчук, Инга Оболдина, Кирилл Полухин, Тимофей Трибунцев, Владислав Ветров, Елена Шевченко, Анна Чистова, Майя Мартьянова, Дмитрий Дьяченко, Радда Новикова, Игорь Киреев, Александр Иванов, Мария Уимкен, Роман Ермолаев, Борис Литовченко, Михаил Селихов, Семен Слепаков, Вячеслав Дусмухаметов, Артур Джанибекян, Александр Дулерайн, Дарья Грацевич, Максим Вахитов, Юлия Галиченко"
Париж подождет,"Дайан Лэйн, Арно Вьяр, Алек Болдуин, Элиз Тиельрууа, Элоди Наварр, Серж Бутлерофф, Седрик Монне, Аврора Клеман, Давия Нельсон, Лаура Карпман, Милена Канонеро, Кристель Мизоннёв, Элинор Коппола, Глен Скэнтлебери, Кристель Форнье, Элинор Коппола, Фред Рус, Дени Каро, Лиза Хэмилтон Дэйли, Любовь Германова, Василий Дахненко, Владимир Антоник, Михаил Тихонов, Лариса Некипелова, Элинор Коппола"
Драконий жемчуг: Битва Богов,"Масако Нодзава, Хироми Цуру, Рё Хорикава, Масахару Сато, Маюми Танака, Тосио Фурукава, Тору Фуруя, Хикару Мидорикава, Такэси Кусао, Юко Минагути, Норихито Сумитомо, Хироси Като, Масахиро Хосода, Синъити Фукумицу, Синдзи Симидзу, Ёсихико Танэда, Риуко Томинага, Акира Торияма, Юсукэ Ватанабэ"
Гнев во спасение,"Джек Хьюстон, Роберт Де Ниро, Джон Малкович, Уилла Фицджералд, Медоу Уильямс, Quavo, Свен Теммел, Винтер Эйв Золи, Джонатан Орсини, Клэй Уилкокс, Филип Клейн, Ламо Хикс, Колин Уилкс, Мелани Рейн, Рэндолл Эмметт, Эрик Фрайденберг, Колби Паркер мл., Эрик Корец, Рэндолл Эмметт, Джордж Фурла, Петр Якл, Сергей Пономарёв, Борис Токарев, Валерий Сторожик, Юлия Горохова, Наталья Казначеева, Крис Сивертсон, Адам Тейлор Баркер"
Наши парни,"Шломи Элькабец, Джонни Арбид, Адам Габэй, Руба Блаль, Йааков Коэн, Лиор Ашкенази, Михаэль Алони, Шади Мари, Ишай Адар, Джозеф Седар, Тауфик Абу Вайль, Ярон Шарф, Эран Котцки, Михал Грэйди, Тауфик Абу Вайль, Джозеф Седар, Хагай Леви, Ной Столлман"
Гастролеры,"Максим Аверин, Алексей Воробьёв, Ксения Кутепова, Екатерина Кузнецова, Ивар Калныньш, Сергей Перегудов, Александр Баширов, Сергей Маркеев, Кристина Кузьмина, Егор Петренко, Андрей Щербинин, Александр Полагаев, Мария Дубова, Андрей Житков, Кирилл Олюшкин"
Вместе,"Джеймс МакЭвой, Шэрон Хорган, Сэмюэл Джонс, Пол Инглишбай, Натали Уорд, Стивен Долдри, Джастин Мартин, Уна Ни Гонила, Соня Фридман, Гай Хили, Роуз Гарнетт, Гейнор Холмс, Деннис Келли"
Беги,"Нав Сидху, Катарина Шюттлер, Ленни Джеймс, Леван Доран, Кэти Льюнг, Оливия Колман, Крис Джармен, Мари Критчли, Брэд Дэймон, Тина Чианг, Гарри Эскотт, Шарлотта Уоттс, Чарльз Мартин, Джонатан Пирсон, Джеймс Хьюз, Джо Рэндэлл-Катлер, Уршуля Понтикос, Гари Шоу, Крис Кэри, Джейми Д’Круз, Адам Долмэн, Мэгали Жибер, Джейми Д’Круз, Адам Долмэн, Дэниэл Дункан, Джонатан Пирсон"
Смерть Дика Лонга,"Майкл Эбботт мл., Вирджиния Ньюком, Андре Хайланд, Сара Бэйкер, Джесс Вейкслер, Рой Вуд мл., Сунита Мани, Джанелл Кокрейн, Дэниэл Шайнерт, Энди Халл, Роберт Макдауэлл, Сэм Хенсен, Рэйчел Стрингфеллоу, Дэниэл Шайнерт, Пол Роджерс, Эшли Коннор, Дэниэл Шайнерт, Мелоди Сиск, Стефани Линч, Тед Спикер, Билли Чу"
Огород,"Валентина Теличкина, Юрий Кутафин, Ольга Лапшина, Раиса Рязанова, Мария Семенова, Анна Денежкина, София Полунина, Алла Баширова, Екатерина Цуркина-Аппина, Лариса Садилова, Анатолий Петрига, Лариса Садилова, Рустам Ахадов, Светлана Безган, Прохор Невров, Лариса Садилова, Рустам Ахадов"
Шекспир. Предостережение королям...,"Владимир Познер, Дэниэл Бойд, Донал Кокс, Гари Рэймонд, Фредди Стюарт, Рэй Фиарон, Екатерина Чемберджи, Валерий Спирин, Антон Бенеш, Владислав Черняев, Владимир Познер, Надежда Соловьева, Дарья Прохорова, Елена Быкова, Ольга Спирина"
Длинная песня,"Хейли Этвелл, Донья Кролл, Итан Хаззард, Тамара Лоуренс, Джек Лауден, Мадлен Манток, Джо Мартин, Ричард Пеппл, Джой Ричардсон, Джордан Болджер, Джонатан Хилл, Мигель Льорка, Жизелль Мадера, Нил МакАллистер, Шарлотта Холдич, Махалия Бело, Ричард Грэхэм, Хлоя Томпсон, Рози Элисон, Дэвид Хейман, Хелена Холмс, Андреа Леви, Сара Уильямс"
Земля монстров,"Кейтлин Дивер, Джонатан Такер, Шарлотта Кэбелл, Вивиан Кэбелл, Ди Думеби Эгбуфор, Эринн Анова, Адриа Архона, Тейлор Шиллинг, Келли Мари Трэн, Густаво Сантаолалья, Марисса Коцилимбас, Стэйси Гринбаум, Рич Мюррэй, Дезире Акхаван, Бабак Анвари, Эгил Эгилссон, Логан Кибенс, Джошуа Рэймонд Ли, Артуро Соса, Уильям Генри, Анетт Хаелльмигк, Анка Малатинска, Бабак Анвари, Кэти Ландсберг, Аалия Браун, Мэри Лоус, Скотт Козар, Уэсли Стрик"
Роман с прошлым,"Татьяна Казючиц, Роман Полянский, Владимир Фекленко, Евгений Никитин, Зоя Фромичева-Корсакова, Ирина Нарбекова, Юлианна Михневич, Валерий Воротынский, Павел Коренчук, Алексей Лешкевич, Илья Духовный, Анастасия Павлишина, Мария Кравченко, Юрий Бутько, Степан Коваленко, Петр Смирнов"
Цитрус,"Аяна Такэтацу, Минами Цуда, Юкиё Фудзии, Икуми Хаяма, Сиори Идзава, Хисако Канэмото, Юрика Кубо, Томоаки Маэно, Рэи Мацудзаки, Кана Уэда, Рё Такахаси, Такэо Такахаси, Такаюки Нагатани, Наоки Хаяси, Сабуроута"
Клиника любви,"Кан Е-вон, О Джи-хо, Ха Джу-хи, Хон И-джу, Чхве Рён, Хон Сок-чхон, Пак Чи-хван, Хон Ё-джин, Ким Мин-гё, О Мин-сок, Ким Арон, Мун Ин-дэ, Ли Хи-соп, Ли Сон-хун, Ли Сан-он, Юн Пхиль-джун"
Порок,"Алиа Бхатт, Сонакши Синха, Крити Санон, Адитья Рой Капур, Киара Адвани, Варун Дхаван, Санджай Датт, Мадхури Диксит, Кунал Кхему, Паван Чопра, Анкит Балхара, Санчит Балхара, Притам Чакраборти, Сантош Коткар, Дипак Местри, Шелар Свагат, Максима Басу, Аджай, Маниш Малхотра, Правин Тамбе, Абхишек Варман, Швета Венкат, Бинод Прадхан, Хироо Джохар, Каран Джохар, Апурва Мехта, Саджид Надиадвала, Хуссайн Далал, Абхишек Варман, Шибани Батижа"
Восемь сотен,"Ван Цяньюань, Цзян У, Хуан Чжичжун, Чжан Цзюнъи, Охо Оу, Чжан И, Ду Чунь, Вижен Вэй, Чжан Юхао, Тан Исинь, Руперт Грегсон-Уильямс, Эндрю Кавчински, Ли Чжоу, Линь Му, Тянь Е, Гуань Ху, Ту Ижань, Хэ Юнъи, Цао Юй, Ван Чжунцзюнь, Лян Цзин, Ван Чжунлэй, Чжу Вэньцзю, Михаил Белякович, Игорь Старосельцев, Никита Прозоровский, Степан Летковский, Глеб Гаврилов, Гуань Ху, Гэ Жуй, Чжао Дунлин, Чжан Сяобэй"
12-й человек,"Томас Гуллестад, Джонатан Риз Майерс, Мари Блокхус, Мадс Сьёгор Петтерсен, Вегар Хуль, Хокон Т. Нильсен, Эйрик Рисхольм Велле, Даниэль Фрикстад, Эрик Дирнес, Александр Цварт, Кристоф Бек, Лив Аск, Карен Фабритиус Грам, Катрине Сольхофф, Харольд Цварт, Йенс Кристиан Фодстад, Геир Хартли Андреассен, Ааге Ааберге, Эспен Хорн, Харольд Цварт, Веслемёй Рууд Цварт, Петтер Скавлан"
Рики Джервэйс: Сверхъестественное,"Рики Джервэйс, Рики Джервэйс, Джон Л. Спенсер, Рики Джервэйс"
Золотая перчатка,"Йонас Дасслер, Маргарете Тизель, Катя Штудт, Адам Боусдукс, Марк Хоземанн, Мартина Эйтнер, Грета Софи Шмидт, Виктория Трауттмансдорфф, Тристан Гёбель, Хайнц Штрунк, ЭфЭм Эйнхайт, Сет Тернер, Катрин Ашендорф, Фатих Акин, Эндрю Бёрд, Франциска Шмидт-Кернер, Райнер Клаусманн, Фатих Акин, Нархан Шекерджи-Порст, Анн-Кристин Барди, Лара Фёртш, Иван Калинин, Лариса Некипелова, Ольга Зверева, Глеб Петров, Ольга Кузнецова, Фатих Акин, Хайнц Штрунк"
"Нюрнберг. Процесс, которого могло не быть","Александр Клюквин, Олег Штром, Илья Бойко, Андрей Каторженко, Александр Звягинцев, Ольга Булле"
Аэронавты,"Эдди Редмэйн, Фелисити Джонс, Химеш Патель, Том Кортни, Венсан Перес, Фиби Фокс, Левин Ллойд, Роберт Гленистер, Тим Макиннерни, Томас Арнольд, Стивен Прайс, Элис Саттон, Александра Бирн, Клер Грэйнджер, Софи Хервью, Ребекка Тодд, Том Харпер, Марк Экерсли, Джордж Стил, Том Харпер, Ричард Хьюит, Дэвид Хоберман, Тодд Либерман, Павел Дорофеев, Юлия Горохова, Глеб Гаврилов, Владимир Левашёв, Глеб Петров, Джек Торн, Том Харпер"
Убийство в Восточном экспрессе,"Кеннет Брана, Пенелопа Крус, Уиллем Дефо, Джуди Денч, Джонни Депп, Джош Гад, Дерек Джекоби, Лесли Одом мл., Мишель Пфайффер, Дэйзи Ридли, Патрик Дойл, Эндрю Эклэнд-Сноу, Уилл Кубро, Чарло Далли, Джордана Финкел, Фил Харви, Доминик Мастерс, Александра Бирн, Ребекка Аллевей, Кэролайн Смит, Кеннет Брана, Мик Одсли, Харис Замбарлукос, Уинстон Аццопарди, Кеннет Брана, Жереми Шеврет, Максим Сергеев, Мария Цветкова-Овсянникова, Станислав Концевич, Татьяна Ткач, Сергей Дьячков, Майкл Грин, Агата Кристи"
Без всяких на то причин,"Арон Ференцик, Роланд Лукач, Юли Якаб, Каталин Такач, Жольт Ковач, Залан Макранчи, Эрика Капронцаи, Лорад Чорба, Габор Рейш, Юли Славик, Габор Рейш, Жофия Талаш, Габор Рейш, Юлия Беркеш, Миклош Бошньяк, Виктория Петраньи, Габор Рейш"
Свой чужой сын,"Марина Коняшкина, Евгений Воловенко, Вениамин Прибура, Дмитрий Сова, Елена Еременко, Игорь Петрусенко, Алексей Нагрудный, Юрий Яковлев-Суханов, Руслан Никоненко, Игорь Портянко, Евгений Зайцев, Олег Масленников, Александр Даруга, Юрий Миталёв, Алексей Терентьев, Влад Ряшин, Ольга Хавжу"
Ложь Армстронга,"Рид Альберготти, Бетси Андре, Фрэнки Андре, Лэнс Армстронг, Джой Бехар, Майкл Блумберг, Алекс Гибни, Энди Грив, Линди Джанкура, Тим Скуайрес, Бен Бладуэлл, Алекс Гибни, Фрэнк Маршалл, Мэтт Толмак, Дженни Амиас, Алекс Гибни"
Тачки на дороге,"Оуэн Уилсон, Ларри-кабельщик, Кинта Брансон, Зино Робинсон, Хейден Бишоп, Меган Кавана, Кристела Алонсо, Мэттью Ян Кинг, Токс Олагундойе, Дебра Кардона, Джейк Монако, Брайан Фи, Бобби Подеста, Стив Пёрселл, Пит Доктер, Кевин Реэр, Кэтрин Сарафьян, Марк Сондхаймер, Стив Пёрселл, Джон Лассетер"
Краун-Хайтс,"Люк Форбс, Лакит Стэнфилд, Адриан Ленокс, Ннамди Асомуга, Марша Стефани Блейк, Джеймс Удом, Мохаммед Али, Натали Пол, Зэк Гренье, Марк Де Гли Энтони, Джошуа Петерсен, Меган Касперлик, Гвен Роач, Мэтт Раскин, Пол Гринхаус, Джо Хатшинг, Бен Катчинс, Ннамди Асомуга, Мэтт Раскин, Джонатан Т. Бэйкер, Джошуа Блум, Мэтт Раскин"
Однажды в стране чудес,"Софи Лоу, Майкл Соча, Питер Гадиот, Эмма Ригби, Навин Эндрюс, Джон Литгоу, Брайан Джордж, Зулейха Робинсон, Шон Смит, Пета Сержант, Марк Айшем, Тереза Уэстон, Грег Вентури, Эдуардо Кастро, Марк Лэйн, Ральф Хемекер, Ромео Тироне, Киаран Доннелли, Пол А. Эдвардс, Джо Талбот Холл, Стивен Лэнг, Аттила Салаи, Стивен Джексон, Зак Эстрин, Джо Лазаров, Брайан Ванкум, Адам Хоровиц, Джейн Эспенсон, Зак Эстрин, Адам Хоровиц, Эдвард Китсис"
Исповедь,"Ромен Дюрис, Марина Вакт, Анн Ле Ни, Люси Дебай, Амандин Девасме, Солен Риго, Титус Де Вогдт, Гаэтан Лежён, Николас Эррера, Катрин Маршан, Николя Бухриф, Лидия Декобер, Мануэль Дакоссе, Николас Журдье, Клеман Мисерез, Матье Вартер, Женевьева Лемаль, Николя Бухриф, Дэвид Фокс, Беатрикс Бек"
Дополнительный урок,"Кирилл Кяро, Юлия Александрова, Олег Васильков, Влад Коноплёв, Матвей Астраханцев, Олег Чугунов, Александра Дроздова, Валерия Богданова, Даниил Слуцкий, Николай Балобан, DJ Грув, Сергей Илларионов, Анна Курбатова, Родион Николайчук, Игорь Медведев, Сергей Чистяков, Анна Курбатова, Михаил Курбатов, Григорий Подземельный, Сергей Орлов, Анна Курбатова, Николай Голиков"
Три истории любви,"Юлия Такшина, Артём Карасёв, Евгения Лоза, Елена Дудина, Владимир Колганов, Алексей Кондрахов, Ульяна Куликова, Тихон Бузников, Жанна Каримова, Ольга Плешкова, Денис Елеонский, Игорь Вотинцев, Виталий Бордачев, Марина Хрипунова, Павел Бабин, Наталья Клевцова, Денис Елеонский"
В воздухе,"Дженнифер Коннелли, Киллиан Мерфи, Мелани Лоран, Уильям Шимелл, Питер МакРобби, Энди Мюррэй, Иэн Трейси, Уна Чаплин, Винта МакГрат, Зен МакГрат, Майкл Брук, Режан Лябри, Хезер Нил, Стефен Арндт, Клаудия Льоса, Гильермо де ла Каль, Николя Больдюк, Ибон Корменсана, Филлис Лэйн, Хосе Мария Моралес, Марина Фуэнтес Арредонда, Клаудия Льоса"
Героические лузеры,"Рикардо Дарин, Луис Брандони, Вероника Льянас, Даниэль Араос, Андрес Парра, Герман Родригез, Алехандро Хихена, Гильермо Якубович, Рамиро Вайо, Марта Пятигорски, Федерико Хусид, Даниэль Гимельберг, Хулио Суарес, Себастьян Боренштейн, Алехандро Каррилло Пенови, Роло Пульпейро, Фернандо Бовайра, Летисия Кристи, Чино Дарин, Рикардо Дарин, Олег Куценко, Андрей Гриневич, Ирина Маликова, Александр Груздев, Антон Савенков, Себастьян Боренштейн, Эдуардо Сачери"
Ради жизни,"Вероника Делион, Антон Вохмин, Максим Радугин, Наталья Чернявская, Анна Данькова, Дмитрий Гарнов, Константин Мазко, Андрей Москвичев, Александр Хохлов, Ася Калинина, Анна Лобанова, Константин Горячев, Марина Хрипунова, Виталий Бордачев, Павел Бабин, Наталья Клевцова, Елена Вахрушева, Марина Евсеева, Вахтанг Беридзе"
Идеальный враг,"Дмитрий Ульянов, Мария Машкова, Александр Пашков, Роман Маякин, Мила Сивацкая, Александр Рудько, Дарья Трегубова, Елена Турбал, Александр Суворов, Игорь Салимонов, Андрей Пономарев, Анна Марченко, Игорь Москвитин, Василий Сикачинский, Виталий Сиренко, Ирина Франчук, Александр Другов"
Уроборос,"Тома Икута, Сюн Огури, Дзюри Уэно, Ё Ёсида, Цуёси Муро, Нана Сэйно, Кумико Такэда, Кэн Мицуиси, Кэнъити Такито, Хасиносукэ Накамура, Хидэаки Кимура, Исии Ясухару, Даисукэ Ямамуро, Кацухико Икэда, Ацуси Насуда, Аюми Сано, Кадзунао Фуруя, Юя Кандзаки"
Старый Генри,"Тим Блейк Нельсон, Скотт Хэйз, Гэвин Льюис, Трэйси Эдкинс, Стивен Дорфф, Ричард Спейт мл., Максимино Арсиньега, Брэд Картер, Кент Шелтон, Джордан Ленинг, Руби Гуидара, Брианна Куик, Кэри Энн Боуэн, Потси Пончироли, Джэми Киркпатрик, Джон Матисяк, Майкл Хэгерти, Шеннон Хочинс, Тамера Брукс, Боб Буррис, Потси Пончироли"
Эрнан,"Оскар Хаэнада, Мишель Браун, Хорхе Антонио Герерро, Виктор Клавихо, Виктор Оливейра, Кристиан Гамеро, Карлос Лисеа, Мигель Анхель Амор, Федерико Хусид, Хосе Луис Агилар, Моника Нюмайер, Наташа Фернандез, Норберто Лопес Амадо, Джулиан Де Тавира, Альваро Рон, Фернандо Гуариньелло, Ана Лаура Кастро, Алехандро Ласаро, Бету Касильяс, Хосе Луис Печарроман, Хосе Мигель Баррера, Джулиан Де Тавира, Джулиан Де Тавира, Мария Хаэн, Курро Ройо"
Любовь по контракту,"Анна Арефьева, Андрей Носков, Полина Толстун, Антон Багров, Тата Хачатрян, Виталий Куликов, Елизавета Шакира, Владимир Маслаков, Владимир Чернышов, Тимур Савин, Виталий Сащиков, Денис Елеонский, Игорь Вотинцев, Станислав Довжик, Наталья Клевцова, Ульяна Шабельник, Мария Шульгина, Елизавета Тихонова"
Гарриет,"Синтия Эриво, Лесли Одом мл., Джо Элвин, Кларк Питерс, Ванесса Белл Кэллоуэй, Омар Дж. Дорси, Генри Хантер Холл, Тим Гини, Ник Баста, Джозеф Андерсон, Теренс Блэнчард, Кевин Хардисон, Кристина Юнджи Ким, Пол Тэйзуэлл, Марта Пино, Кейси Леммонс, Уайатт Смит, Джон Толл, Ннамди Асомуга, Билл Бененсон, Ребекка Каммарата, Дебра Мартин Чейз, Илья Хвостиков, Глеб Гаврилов, Александр Новиков, Наталья Грачёва, Михаил Белякович, Кейси Леммонс, Грегори Аллен Ховард"
Колдун,"Чэнь Кунь, Цюй Чусяо, Чжоу Сюнь, Уильям Чань, Шэнь Юэ, Ван Цзысюань, Ван Ликунь, Ван Юэи, Хэ Юншэн, Чжан Шуанли, Сигэру Умэбаяси, Ёсихито Акацука, И Сяоя, Ли Вэйжань, Чжан Вэйли, Ван Босюэ, Чжэн Инь, Чжан Цзялу, Чэнь Кофу, Тао Кунь, Чжан Цзялу, Ивен Цзянь, Баку Юмэмакура"
Рана,"Джон Тренгов, Пол Озгюр, Елиас Рибейро, Мари Дубас, Михаэль Экельт, Джон Тренгов"
Разбивающая сердца,"Мелисса Джордж, Дэйв Эннэйбл, Дон Хани, Шелли Конн, Д.Л. Хьюли, Джейми Кеннеди, Майя Эрскин, Дж. Луис Миллс, Джошуа Леонард, Руди Мартинес, Джон Эрлих, Джейсон Дерлатка, Уильям Дж. Даррел мл., Джон Альварез, Джилл М. Оханнесон, Кэтлин Феликс, Эллисон Лидди, Сара Пиа Андерсон, Лиз Фридлендер, Реджинальд Хадлин, Дэна Конгдон, Дженнифер Барбо, Тим Кинзи, Зебора Тидвелл, Ллойд Ахерн II, Скотт Уильямс, Эми Бреннеман, Эрик Карлсон, Сьюзэн Карлсон, Джилл Гордон, Дженнифер Сесил, Майкл Лайонс, Марк Б. Перри, Синди Аппель"
Семейный консультант,"Джерни Смоллетт, Лэнс Гросс, Брэнди Норвуд, Ванесса Уильямс, Робби Джонс, Ким Кардашьян Уэст, Рене Тейлор, Элла Джойс, Кэндис Коук, Зэк Сейл, Аарон Зигман, Гентри Л. Акенс II, Джонетта Бун, Дэйн Мур, Тайлер Перри, Мэйзи Хой, Александр Грушинский, Оззи Арю, Пол Холл, Тайлер Перри, Майкл Пасернек, Тайлер Перри"
Руслан и Людмила,"Татьяна Навка, Алексей Сеченов"
Соблазнённые и брошенные,"Джеймс Тобак, Алек Болдуин, Джессика Честейн, Беренис Бежо, Дайан Крюгер, Нив Кэмпбелл, Джеймс Каан, Мартин Скорсезе, Бернардо Бертолуччи, Бретт Рэтнер, Джеймс Тобак, Аарон Янес, Алек Болдуин, Майкл Мэйлер, Джеймс Тобак, Стивен Бир, Джеймс Тобак"
Патруль времени,"Итан Хоук, Сара Снук, Ноа Тейлор, Кристофер Кирби, Кристофер Соммерс, Куни Хасимото, Сара Эль-Яафи, Пол Модер, Грант Пиро, Кристофер Бануорс, Питер Спириг, Джени Паркер, Венди Корк, Ванесса Серн, Майкл Спириг, Питер Спириг, Мэтт Вилла, Бен Нотт, Майкл Бёртон, Гари Хэмилтон, Пэдди МакДональд, Михаил Кришталь, Алена Узлюк, Андрей Алёхин, Екатерина Буцкая, Юрий Кудрявец, Майкл Спириг, Питер Спириг, Роберт А. Хайнлайн"
Благодетель,"Рам Чаран Теджа, Каджал Аггарвал, Мека Шрикант, Камалини Мукхерджи, Пракаш Радж, Джаясудха, М.С. Нараяна, Венкатесвара Рао Паручури, Кришна Мурали Посани, Прагатхи, Юван Шанкар Раджа, Ашок Кумар, Рустам Чаухан, Приянка Кочар, Кришна Вамси, Навин Нули, Самир Редди, Ганеш Бабу, Венкатесвара Рао Паручури, Гопалакришна Парачури, Кришна Вамси"
Сорок розовых кустов,"Эмилия Спивак, Елизавета Арзамасова, Екатерина Соломатина, Павел Трубинер, Роман Полянский, Любовь Матюшина, Дмитрий Бедерин, Вахтанг Беридзе, Максим Битюков, Александр Булатов, Анатолий Зубков, Егор Зубков, Олег Штром, Алексей Молчанов, Илона Лакоба, Армен Давитян, Дмитрий Дрешин, Анна Яковлева, Наталья Жердецкая"
Свободное падение,"Ханно Коффлер, Макс Римельт, Аттила Борлан, Катарина Шюттлер, Стефани Шёнфельд, Оливер Брёкер, Луис Лампрехт, Марен Кройман, Женя Лахер, Бритта Хаммельштайн, Беттина Маркс, Беле Шнайдер, Штефан Лакант, Моника Шиндлер, Стен Менде, Стефани Гросс, Кристоф Хольтоф, Даниэль Райх, Штефан Лакант, Карстен Далем, Конни Цише"
Ужиться с самим собой,"Пол Радд, Эшлин Би, Десмин Боргес, Карен Питтман, Зои Чао, Зак Черри, Джеймс Соль, Джин Джонс, Роб Янг, Анна Мередит, Марси Мадд, Эрнесто Соло, Леа Кацнелсон, Сара Макмиллан, Джонатан Дэйтон, Валери Фэрис, Джесси Гордон, Брайан А. Кейтс, Дженнифер Лилли, Алекс Минник, Даррен Лью, Майкл Амодио, Джеффри Блитц, Энтони Брегман, Лилли Барнс, Сергей Смирнов, Алия Насырова, Олег Новиков, Ольга Зубкова, Александр Новиков, Тимоти Гринберг"
Теснота,"Дарья Жовнер, Ольга Драгунова, Артем Цыпин, Назир Жуков, Вениамин Кац, Анна Левит, Екатерина Зарх, Андрей Натоцинский, Анна Крайчик, Александр Гофман, Андрей Никитин, Алексей Падерин, Кантемир Балагов, Кантемир Балагов, Артем Емельянов, Николай Янкин, Александр Сокуров, Антон Яруш, Кантемир Балагов"
Уэнделл и Уайлд,"Кигэн-Майкл Ки, Джордан Пил, Анджела Бассетт, Джеймс Хун, Тамара Смарт, Рамона Янг, Винг Реймз, Бруно Куле, Мэттью Брукс, Том Пруст, Генри Селик, Роберт Энич, Сара К. Реймерс, Питер Сорг, Эллен Голдсмит-Вейн, Генри Селик, Иэн Купер, Джордан Пил, Генри Селик, Клэй МакЛеод Чэпман"
Евровидение: Финал 2016,"Монс Сельмерлёв, Петра Меде, Лаура Тесоро, Габриэла Гунчикова, Дауэ Боб Постюма, Семра Рагимли, Фредди, Франческа Микьелин, Хови Стар, Поли Генова, Ромен Ландро, Робин Хофвандер, Дэниэл Элинек, Гай Фриман, Джемма Ходжсон, Хелен Ридделл, Сохаил Шах"
Ми-ми-мишки. Самые необычные изобретения Кеши,
Красный дерматин,"Вероника Санчес, Мигель Анхель Сильвестре, Асьер Эчеандиа, Лали Эспосито, Яни Прадо, Луиза Видес, Годелив Ван ден Брандт, Нико Самитовски, Энрик Окер, Иван Мартинес Лакамара, Манель Сантиэстебан, Абдон Альканьиз, Карлос Диас, Барбара Дельгадо, Оскар Педраса, Давид Виктори, Альберт Пинто, Давид Баррокаль, Рехино Эрнандес, Луис Мигель Гонсалес Бедмар, Дэвид Пелегрин, Мигель Бургос, Давид Аскано, Давид Асерето, Элиас М. Феликс, Мигель Амоедо, Мигель Амоедо, Давид Баррокаль, Эстер Мартинес Лобато, Давид Виктори, Эстер Мартинес Лобато, Алекс Пина, Давид Баррокаль, Давид Олива"
Городские выпивохи,"Ли Сон-бин, Хан Сон-хва, Чон Ын-джи, Чхве Щи-вон, Хан Джи-хё, Чон Ын-пхё, Ким Джи-сок, Ли Хён-джин, Щин Хён-сын, Ли Су-мин, Ким Джон-щик, Пак Су-вон, Но Сын-бо, Ви Со-ён, Миккан"
Скотозаговор,"Брюс Хэмилтон, Кип Андерсен, Эл Гор, Хезер Кули, Кирк Р. Смит, Демостенс Маратос, Кип Андерсен, Кип Андерсен, Кип Андерсен, Леонардо ДиКаприо, Кип Андерсен"
Чёрно-белая любовь,"Ибрагим Челиккол, Бирдже Акалай, Мухаммет Узунер, Арзу Гамзе Кылынч, Эдже Диздар, Дениз Джелилоглу, Джахит Гок, Угур Аслан, Синем Унсал, Озлем Зейнеп Динсель, Йылдырай Гюрген, Эмир Кхалильзаде, Ясин Услу, Юсуф Зия Кая, Лале Эрен, Айсе Дурмаз, Илья Крутояров, Ирина Киреева, Денис Некрасов, Лина Иванова, Александр Гаврилин, Эйлем Джанполат, Сема Эргенекон, Эркан Биргёрен"
Уже скучаю по тебе,"Дрю Бэрримор, Тони Коллетт, Пэдди Консидайн, Доминик Купер, Тайсон Риттер, Жаклин Биссет, Онор Нифси, Райан Леннон Бэйкер, Фрэнсис де ла Тур, Анжли Мохиндра, Гарри Грегсон-Уильямс, Роберт Хэйнс, Джон Рейд, Клер Финлэй, Селия Де Ла Хей, Кэтрин Хардвик, Филлип Дж. Бартелл, Эллиот Дэвис, Кристофер Саймон, Морвенна Бэнкс, Джером Бут, Майкл С. Констебл, Морвенна Бэнкс"
Она тоже любит ложь,"Такэру Сато, Рё Ёсидзава, Масатака Кубота, Юки Моринага, Кодаи Асака, Такаси Соримати, Мицуки Танимура, Сёхэй Миура, Коки Мидзута, Таисэй Ивасаки, Кэй Гоцудзи, Норихиро Коидзуми, Хироаки Морисита, Хироо Янагида, Кадзуёси Исида, Кэн Цутия, Тацуро Хатанака, Минами Итикава, Норихиро Коидзуми, Томоко Ёсида, Котоми Аоки"
Очень вежливая история,Мария Быстрова
Помни воскресенье,"Алексис Бледел, Закари Ливай, Мерритт Уивер, Бэрри Шебака Хенли, Валери Эзлинн, Дэвид Хоффман, Джерри Эдлер, Энн МакКензи, Дэна Гурье, Лариса Олейник, Кристофер Леннерц, Рэймонд Пумилия, Кэролайн Маркс, Кристин Бикслер, Джефф Блекнер, Дэвид Битти, Майкл Н. Нью, Майкл Ломанн, Кристофер Морган, Пэт Чэпман, Пэм Фицджералд, Камерон Йохан, Майкл Дж. Касэ, Бэрри Морроу"
Приключения Тедди,"Марте Клерк-Нильссен, Джон Ф. Брунгот, Вегард Странд Эйде, Лене Конгсвик Йохансен, Марианн Холе, Ян Гуннар Рэйсе, Кай Ремлов, Марианне Крогнесс, Надер Хадеми, Медина Икбал, Стейн Йохан Григ Хальворсен, Эйвинд Андреас Скийи, Софи Рейдж Ларсен, Андреа Экербом, Элиз Солберг, Кьелль Вассдаль, Теа Бенедикте Кевин Карлсен, Тересе Бён, Хеге Фьельдскор, Виталия Корниенко, Павел Россошанский, Анастасия Лапина, Полина Щербакова, Александр Коврижных, Ларс Гудместад, Харальд Розенлёв-Эг"
Тайны и ложь,"Райан Филипп, Джульетт Льюис, КаДи Стрикленд, Натали Мартинес, Индиана Эванс, Белль Шусе, Дэн Фоглер, Бенни Карамелло, Джордана Брюстер, Мекиа Кокс, Маттео Цингалес, Алекс Хайду, Джеффри С. Гримсман, Раф Лайдон, Виктория Дж. Аут, Адам Аркин, Тимоти Басфилд, Кейт Дэннис, Ник Копус, Майк Джексон, Кайя Фер, Роберт Ивисон, Памела Малуф, Роберт Хэмпфри, Фрэнк Дж. ДеМарко, Аарон Каплан, Барби Клигман, Нэйтан Мэйфилд, Трэйси Робертсон, Диомид Виноградов, Наталья Казначеева, Елена Шульман, Ирина Киреева, Дарья Фролова, Стефен Ирвин, Читра Элизабет Сампат, Барби Клигман, Ноа Нельсон"
Молодой детектив Ди: Восстание морского дракона,"Карина Лау, Чиэнь Шэн, Марк Чао, Анджела Бейби, Уильям Фэн, Кенни Линь, Ким Бом, Ху Дун, Чэнь Кунь, Чжан Шань, Кэндзи Каваи, Кеннет Мак, Ли Пик-Кван, Брюс Юй, Цуй Харк, Юй Боян, Чой Сун-Фай, Чэнь Кофу, Ши Наньсунь, Цуй Харк, Джеймс Тсим, Чжан Цзялу, Чэнь Кофу, Цуй Харк"
Призвание,"Дмитрий Миллер, Ольга Веникова, Денис Васильев, Екатерина Приморская, Софья Донианц, Леонид Громов, Артём Осипов, Алексей Суренский, Ирина Улановская, Дмитрий Овчинников, Михаил Зюлин, Валерий Царьков, Сахат Дурсунов, Сергей Красавцев, Антон Прокопович, Татьяна Пронина, Ольга Олимпиева, Эдуард Алиев, Елена Левина"
Семь дней: пятница — воскресенье,"Томоки Хиросэ, Юки Хиёри, Рин Исикава, Ицуки Сагара, Юкихиро Такигути, Хинако Танака, Джеймс Такеши Ямада, Кэндзи Ёкои, Нацуко Такахаси"
Майкл Джексон: В поисках Неверленда,"Чад Л. Коулмэн, Сэм Адегоке, Нондумисо Тембе, Старлетта Дюпуа, Ричард Лосон, Тэджен Бёрнс, Майкл Мурра, Холли Робинсон Пит, Нави, Зак Райан, Джули Зиа, Рита МакГи, Дженнифер Джирон, Дайян Хьюстон, Крэйг Хэйес, Томми Апшоу, Кайл А. Кларк, Сюзанн Костон, Сюзанн Де Пасс, Филлип Джонс, Элизабет Хантер"
Русская работа,"Александр Колесников, Петр Хорки, Мартин Юза"
Похищение Фредди Хайнекена,"Джим Стёрджесс, Сэм Уортингтон, Райан Квантен, Энтони Хопкинс, Марк ван Эувен, Томас Кокерел, Джемайма Уэст, Давид Денсик, Дирк Руфтхуфт, Вера Ван Дорен, Лукас Видаль, Ян Рутгерс, Катрин Ван Бри, Райан Мартин Двайер, Стефаан Лейон, Ильзе Уиллок, Даниэль Альфредсон, Хокан Карлссон, Фредерик Бакар, Джуди Каиро, Ховард Мелцер, Майкл А. Симпсон, Эрик Бреннер, Сергей Смирнов, Кирилл Туранский, Андрей Вальц, Владимир Левашёв, Антон Савенков, Уильям Брукфилд, Петер Р. де Врис"
Неужели мы поняли друг друга?,"Дениз Джелилоглу, Арас Булут Ийнемли, Сумру Явруджук, Зухал Генджер, Гюркан Уйгун, Аслы Энвер, Угур Гюнеш, Айтекин Аташ, Измаил Дурмаз, Аксу Пелин, Чаган Ырмак, Бора Гёксингёль, Гёкхан Тирьяки, Тимур Савджи, Басак Абаджигил, Чаган Ырмак"
Джеки и Райан,"Кэтрин Хайгл, Бен Барнс, Клеа ДюВалл, Эмили Элин Линд, Шерил Ли, Райан Бингэм, Джеффри Хэнсон, Адам Диетлейн, Теренс О. Гудман, Дуэйн Стефенс, Ник Ханс, Мона Мэй, Брайан Лайвз, Эми Канаан Манн, Лорен Коннелли, Мако Камицуна, Дуан Мэнуиллер, Молли Хэсселл, Джон Дженкс, Эми Канаан Манн, Джон Эвнет, Эми Канаан Манн"
"Черный, черный человек","Данияр Алшинов, Динара Бактыбаева, Теоман Хос, Карим Кадырбаев, Галымжан Молданазар, Ермек Утегенов, Адильхан Ержанов, Адильхан Ержанов, Айдар Шарипов, Серик Абишев, Гийом де Сей, Ольга Хлащева, Тулеген Байтукенов, Ролаф Ян Миннебоо, Адильхан Ержанов"
Ричард II,"Дэвид Теннант, Найджел Линдсэй, Майкл Пеннингтон, Оливер Форд Дейвис, Эллиот Барнс-Уоррелл, Энтони Бирн, Шон Чэпман, Мэри Крикшэнк, Грейс Маттака, Маркус Гриффитс, Грегори Доран, Стив Эвели"
Бабушка,"Лили Томлин, Джуди Грир, Джулия Гарнер, Карлос Миранда, Джон Чо, Нат Вулф, Лаверн Кокс, Аарон Билию, Элизабет Пенья, Коллин Кэмп, Джоэль П. Уэст, Молли Грандмэн, Бриттани Руис, Пол Вайц, Джон Корн, Тобиас Датум, Терри Дугас, Пэрис Касидокостас Латсис, Эндрю Миано, Пол Вайц, Пол Вайц"
Одно тёплое слово,"Александра Никифорова, Егор Вадов, Кристина Борейко, Андрей Москвичев, Алеса Качер, Полина Ватага, Дмитрий Гарнов, Николай Сороканов, Владислав Дунаев, Юрий Сазонов, Анарио Мамедов, Гелиос Чучка, Борис Кирисенко, Марина Хрипунова, Виталий Бордачев, Валерия Подорожнова"
Москва-Питер. В поисках счастья!,"Андрей Пасечный, Владимир Довгань, Андрей Парабеллум, Никас Сафронов, Дмитрий Пучков, Александр Красовицкий, Сергей Белоголовцев, Андрей Князев, Михаил Житняков, Вадим Шлахтер, Алексей Пантелеев, Алексей Пантелеев, Алексей Пантелеев, Анна Пантелеева, Алексей Пантелеев, Алексей Пантелеев"
Истории в кино: Иномарка,"Антон Шастун, Дмитрий Позов, Арсений Попов, Сергей Матвиенко, Стас Шеминов"
Film,Cast
Страшные сказки,"Сальма Хайек, Венсан Кассель, Тоби Джонс, Джон Си Райли, Ширли Хендерсон, Хейли Кармайкл, Бебе Кейв, Стэйси Мартин, Кристиан Лис, Джона Лис, Александр Деспла, Марко Фурбатто, Массимо Паулетто, Джанпаоло Рифино, Массимо Кантини Паррини, Алессия Анфузо, Маттео Гарроне, Марко Сполетини, Питер Сушицки, Маттео Гарроне, Жан Лабади, Джереми Томас, Шерил Краун, Ирина Киреева, Илья Исаев, Евгений Никишин, Денис Некрасов, Ольга Шорохова, Эдоардо Албинати, Уго Кити, Маттео Гарроне, Массимо Гаудиозо"
Смех в «Вайкики»,"Ким Джон-хён, Ли И-гён, Сон Сын-вон, Чон Ин-сон, Ко Вон-хи, Ли Джу-у, Ким Сон-хо, Щин Хён-су, Мун Га-ён, Ан Со-хи, Ли Чхан-мин, Ким Ги-хо, Сон Джи-ын"
Билли и Билли,"Адам Броди, Лиза Джойс, Джиа Кроватин, Фил Бёрк, Ли Цзюнь Ли, Джейк Лэси, Жан Максвелл, Виктор Слезак, Кэти Пэкстон, Фред Уэллер, Сара Дж. Холден, Мишель Спадаро, Нил Лабут, Джоэль Плотч, Винсент Ф. Уэлш, Джозеф Зиззо, Тим Хармс, Нил Лабут, Крис Лонг, Барт Питерс, Нил Лабут"
Фукусима,"Коити Сато, Кэн Ватанабэ, Хидэтака Ёсиока, Наруми Ясуда, Наото Огата, Сёхэи Хино, Мицуру Хирата, Масато Хагивара, Рихо Ёсиока, Такуми Саито, Таро Ивасиро, Юкихару Сисимо, Сэцуро Вакамацу, Сёдзи Эхара, Даидзи Хориути, Ёсиро Идо, Цугухико Кадокава, Синъити Маруяма, Александр Коврижных, Александр Хорлин, Павел Дорофеев, Ксения Спиридонова , Геннадий Новиков, Ёити Маэкава, Рюсё Кадота"
Шани Дэв,"Рохит Хурана, Тина Дутта, Джухи Пармар, Салил Анкола, Девеш Ахуджа, Дриша Каляни, Амит Сингх, Швета Корд, Камал Монга, Гаятри Гилл Тевари, Рахул Кумар Тевари, Сиддхартх Кумар Тевари, Сиддхартх Кумар Тевари"
Уличный кот по кличке Боб,"Люк Тредэвэй, Боб, Рута Гедминтас, Джоэнн Фрогатт, Энтони Хэд, Даррен Эванс, Тони Джаявардена, Адам Ричез, Льюэлла Гидеон, Лоррейн Эшборн, Дэвид Хиршфелдер, Чармиан Адамс, Джо Томпсон, Роджер Споттисвуд, Пол Тотхилл, Питер Вансторф, Адам Ролстон, Пол Бретт, Тим Джон, Мария Нейшн, Джеймс Боуэн, Гарри Дженкинс"
Таймлесс 3: Изумрудная книга,"Костя Улльман, Йозефина Пройсс, Мария Эрих, Яннис Нивёнер, Лион Вазчик, Йоханнес фон Матушка, Маттиас Винде, Рольф Канис, Дженнифер Лотси, Амелия Плаас-Линк, Филипп Фабиан Кёльмель, Беттина Лессинг, Александр Бек, Биргит Эссер, Феликс Фуксштайнер, Катарина Шёде, Николь Картилюк, Флориан Эммерих, Ральф Шлоттер, Филипп Будвег, Феликс Фуксштайнер, Катарина Шёде, Маркус Циммер, Катарина Шёде, Феликс Фуксштайнер, Барри Томсон, Керстин Гир"
Человек без лица,"Уильям О’Лири, Рима Раджан, Норма Мальдонадо, Хезер Лонг, Хойт Ричардс, Нат Мур, Майкл Кинг, Джек Гравина, Джереми Фоули, Уилл Майерс, Кортни Фоли, Джереми Фоули, Эбби Лэнс, Джереми Фоули"
Слепые пятна,"Давид Диггс, Рафаэль Касаль, Янина Гаванкар, Жасмин Сифас Джонс, Итэн Эмбри, Тиша Кэмпбелл, Уткарш Амбудкар, Кевин Кэрролл, Ньямби Ньямби, Джон Чаффин, Михаил Езерский, Сьюзэн Алегрия, Эмили Батсон, Алекс Бранденбург, Карлос Лопес Эстрада, Гэбриел Флеминг, Роберт Баумгартнер, Кит Калдер, Рафаэль Касаль, Давид Диггс, Джесс У Калдер, Андрей Вальц, Иван Калинин, Иван Породнов, Евгений Хазов, Павел Дорофеев, Рафаэль Касаль, Давид Диггс"
Сияющий офис,"Ко А-сон, Ха Сок-чин, Ли Дон-хви, Ли Хо-вон, Ким Дон-ук, Чан Щин-ён, Квон Хэ-хё, Хан Сон-хва, О Дэ-хван, Ким Хи-чхан, Чон Джи-ин, Пак Сан-хун, Ким Гён-хи, Чон Хве-хён"
К звездам,"Кара Хэйуорд, Джордана Спиро, Тина Паркер, Шей Уигэм, Лукас Джейд Зуманн, Куинн Гасауэй, Коннор Скотт Фрэнк, Лиана Либерато, Натали Кэнердей, Хезер МакИнтош, Кирстен Роннинг, Джессика Завала, Лорен Кроуфорд, Марта Стефенс, Нэйтан Уайтсайд, Энди Рид, Стэйси Йоргенсен, Эрик Роммесмо"
Прорыв,"Крисси Мец, Джош Лукас, Тофер Грейс, Майк Колтер, Марсель Руис, Сэм Трэммелл, Деннис Хейсберт, Айзек Крагтен, Николас Дукич, Марсело Зарвос, Джеймс Стюарт, Кимберли Адамс-Гэллиган, Стефен Арндт, Роксанн Доусон, Мэйзи Хой, Зоран Попович, Беки Кросс Трухильо, Стефен Карри, Девон Франклин, Грант Нипорте"
Такси,"Джафар Панахи, Джафар Панахи, Джафар Панахи, Джафар Панахи, Джафар Панахи, Джафар Панахи"
Об отцах и сыновьях,"Карим Себастьян Элиас, Талал Дерки, Анна Фабини, Кахтан Хассун, Рольф Бергманн, Клаудия Бучер, Талал Дерки"
Лаборатория любви,"Манами Нумакура, Тинацу Акасаки, Инори Минасэ, Аянэ Сакура, Ё Таити, Ясухиро Мисава, Сюнсукэ Судзуки, Масахико Ота, Сёго Араи, Ёсиюки Фудзивара, Каору Ябана, Эми Онодэра, Кунихико Ито, Тэцуя Эндо, Син Фурукава, Рю Хасимото, Хадзимэ Камата, Такаси Аосима, Такамицу Коно, Хидэаки Коясу, Кэндзи Сугихара"
Звезда,"Джуд Деморест, Бриттани О’Грэйди, Райан Дестини, Амийя Скотт, Куинси Браун, Мисс Лоуренс, Куин Латифа, Люк Джеймс, Лэнс Гросс, Джеймс С. Левайн, Даг Фик, Фрэнк Зито, Роб Саймонс, Кевин Гилберт, Джон Крокидас, Крис Робинсон, Билле Вудрафф, Пол Маккрейн, Джо Леонард, Марк Уилтшир, Андреа Фолпрехт, Родни Тейлор, Джеймс Гуччардо, Джесси Фельдман, Хоакин Седилло, Ли Дэниелс, Мишель Холл, Джо Леонард, Мишель Рубинштейн, Ли Дэниелс, Том Донахи, Мойзес Замора"
Миссис Флетчер,"Кэтрин Хан, Джексон Уайт, Оуэн Тиг, Джен Ричардс, Рашад Эдвардс, Кэмерон Бойс, Доменик Ломбардоцци, Кейси Уилсон, Билл Рэймонд, Крэйг Уэдрен, Клэй Браун, Дэна Коваррубиас, Леа Кацнелсон, Ники Ричи, Кэрри Браунштейн, Джиллиан Робеспьер, Лизль Томми, Николь Холофсенер, Марк Садлек, Дебра Ф. Симона, Дженнифер Лилли, Джеффри Валдрон, Крис Тиг, Джереми Бейлер, Наоми Экперигин, Хелен Эстабрук, Кэтрин Хан, Эмили Райан Лернер, Джереми Бейлер"
Сквозь снег,"Давид Диггс, Мики Самнер, Элисон Райт, Иддо Голдберг, Шейла Ванд, Лена Холл, Анналиса Бассо, Роберто Урбина, Кэти МакГиннесс, Майк О’Мэлли, Бэр Маккрири, Сьюзэн Паркер, Томас П. Уилкинс, Пол Аликс, Кристоф Шреве, Лесли Хоуп, Джеймс Хоуз, Сэм Миллер, Джей Прычидны, Шерил Поттер, Марта Эври, Эрин Дэк, Джон Грилло, Томас Бёрстин, Хайме Рейносо, Триг Сингер, Марти Адельштейн, Пак Чхан-ук, Чхве Ду-хо, Бекки Клементс, Антон Савенков, Вероника Саркисова, Анастасия Лапина, Даниил Эльдаров, Татьяна Манетина, Келли Мастерсон, Бенжамин Легран, Жак Лоб, Грэм Мэнсон"
Тегеран,"Нив Султан, Шон Тоуб, Шервин Аленаби, Шила Омми, Араш Маранди, Вассилис Кукалани, Тамир Гинсбург, Менаш Ной, Лираз Чархи, Дариус Хомайоун, Марк Элияху, Димитрис Зиакас, Нир Альба, Салим Шенаде, Дэбо Охана, Даниэль Сыркин, Рони Климовский, Дана Ярдени Лихтер, Йоав Шафир, Амир Уинклер, Джиора Бежах, Алон Араня, Фения Коссовица, Дана Эден, Наталья Фищук, Борис Токарев, Лариса Некипелова, Никита Прозоровский, Наталья Казначеева, Дана Эден, Маор Кон, Омри Шенхар, Даниэль Сыркин"
Анчартед: На картах не значится,"Том Холланд, Марк Уолберг, Антонио Бандерас, София Али, Тати Габриэль, Стивен Уоддингтон, Пинги Моли, Тирнан Джонс, Руди Панкоу, Хесус Эвита, Рамин Джавади, Рави Бансал, Эдуардо Баутиста, Уте Берг, Анна Бюхер, Дэниэл Чур, Алехандро Цимерман, Михаэль Фисснайдер, Дэвид Ингрэм, Калла Клессиг, Флориан Мюллер, Корнелия Отт, Кармине Пальментьери, Ненад Пекур, Рубен Фляйшер, Крис Лебензон, Ричард Пирсон, Чон Джон-хун, Чарльз Ровен, Ави Арад, Алекс Гартнер, Ари Арад, Иван Чабан, Всеволод Кузнецов, Геннадий Новиков, Наталия Дербенева, Алёна Созинова, Артур Маркам, Мэтт Холлоуэй, Рэйф Джадкинс, Джонатан Розенберг"
Агент Лев,"Дэни Бун, Филипп Катрин, Энни Серра, Самуэль Жуи, Софи Вербек, Кароль Брана, Бенуа Петре, Аксель Устун, Матью Ларду, Оливье Са, Эрванн Керморвант, Летиция Буи, Людовик Кольбо-Жюстен, Сильви Ландра, Тома Леребур, Серж Хаят, Жан-Ив Робен, Марк Станимирович, Янн Арно, Александр Коврижных, Константин Карасик, Алина Проценко, Алексей Сафин, Екатерина Буцкая, Александр Кокелль, Маттье Ле Наур"
Мать,"Марта Ньето, Жюль Порье, Алекс Брендемюль, Анн Косиньи, Фредерик Пьеро, Гийом Арно, Рауль Прието, Бланка Апиланес, Альваро Балас, Лу Лампрос, Оливье Арсон, Лорена Пуэрто, Ана Лопес Кобос, Родриго Сорогойен, Альберто дель Кампо, Алехандро де Пабло, Ибон Корменсана, Игнаси Эстапе, Анне-Лауре Лабади, Жан Лабади, Изабель Пенья, Родриго Сорогойен"
ЛБД,"Вуди Харрельсон, Майкл Сталь-Дэвид, Ричард Дженкинс, Дженнифер Джейсон Ли, Джеффри Донован, Билл Пуллман, Джон Бурк, Си Томас Хауэлл, Джон Конли, Майкл Мосли, Марк Шэймен, Джеймс Хинкль, Дэн Мур, Лес Буф, Роб Райнер, Боб Джойс, Бэрри Марковиц, Лиз Глоцер, Роб Райнер, Тим Уайт, Тревор Уайт, Джоуи Хартстоун"
Гранчестер,"Джеймс Нортон, Робсон Грин, Тесса Пик-Джонс, Эл Уивер, Кейси Эйнсуорт, Скай Люсия Дегруттола, Том Бриттни, Ник Бримбл, Оливер Димсдейл, Брэдли Холл, Джон Ланн, Филип Барбер, Адам А. Макин, Рэйчел Джонс, Пол Фрост, Тим Файвелл, Роб Эванс, Эдвард Беннет, Хелен Мерфи, Том Чепмен, Пол Эндэкотт, Ксавьер Расселл, Марк Уотерс, Киран МакГиган, Джулиан Корт, Дэвид Ром, Ребекка Итон, Эмма Кингсман-Ллойд, Джеймс Ранси, Джон Джексон, Ричард Куксон, Джошуа Ст. Джонстон"
Конец пути,"Джон Хоукс, Логан Лерман, Сара Болгер, Андреа Ирвин, Оулавюр Дарри Оулафссон, Дэнис Конуэй, Лалор Родди, Дэвид Грант Райт, Шон Махон, Мэри МакЭвой, Пьетюр Тор Бенедиктссон, Шэйн Макэнро, Лара Кэмпбелл, Эльфар Адальстейнс, Гудлаугюр Андри Эйторссон, Кристьян Лодмфьёрд, Вальдис Оускарсдоуттир, Карл Оскарссон, Эльфар Адальстейнс, Эггерт Бальдвинссон, Полин Брукс, Дэвид Коллинз, Майкл Армбрустер"
Девушка-король,"Малин Буска, Сара Гадон, Микаэл Нюквист, Лукас Брайант, Лаура Бирн, Ипполит Жирардо, Петер Ломайер, Франсуа Арно, Патрик Бошо, Вилле Виртанен, Ансси Тиканмяки, Марьятта Ниссинен, Мика Каурисмяки, Ганс Функ, Ги Дюфо, Василики Блесер, Паола Д’Аньоло, Арни Гелбарт, Мика Каурисмяки, Мишель Марк Бушар"
Мастер меча,"Чан Хёк, Ким Хён-су, Джо Таслим, Чон Ман-щик, Ли На-гён, Ли Мин-хёк, Чхве Джин-хо, Чи Сын-хён, Чи Гон-у, Кон Сан-а, На Юн-щик, Щин Ю-джин, Юн Ми-ра, Чхве Джэ-хун, Ко А-мо, Сон Вон-хо, Ли Тхэ-хон, Пак А-хён, Ан Бён-нэ, Евгений Рубцов, Ева Финкельштейн, Иван Калинин, Александр Воронов, Алёна Созинова, Чхве Джэ-хун"
Движение вверх,"Владимир Машков, Андрей Смоляков, Иван Колесников, Кирилл Зайцев, Джон Сэвэдж, Марат Башаров, Александра Ревенко, Виктория Толстоганова, Сергей Гармаш, Джеймс Тратас, Сергей Стручев, Олег Колодько, Антон Мегердичев, Петр Зеленов, Антон Мегердичев, Вазген Каграманян, Игорь Гринякин, Леонид Верещагин, Антон Златопольский, Никита Михалков, Владимир Васильев, Николай Куликов, Андрей Курейчик"
Аниматор,"Алексей Весёлкин, Екатерина Васильева, Александра Флоринская, Сергей Газаров, Владимир Иванов, Екатерина Зорина, Глафира Козулина, Валерий Баринов, Владимир Еремин, Елена Гаприндашвили, Михаил Чертищев, Илья Чижиков, Антон Чижиков, Андрей Компаниец, Антон Жабин, Анатолий Чижиков, Сергей Куликов, Наталья Чижикова, Сергей Титинков, Алексей Тимм"
Китайский квартал,"Ким Хе-су, Ким Го-ын, Ом Тхэ-гу, Пак По-гом, Ко Гён-пхё, Ли Су-гён, Чо Хён-чхоль, Ли Дэ-ён, Чо Бон-нэ, Чон Сог-ён, Чан Ён-гю, Чхве Сэ-ён, Хан Джун-хи, Щин Мин-гён, Ли Чхан-джэ, Ан Ын-ми, О Джи-ён, Хан Джун-хи"
Бэби-тур,"Анна Котова, Лина Миримская, Мария Осипова, Анастасия Попова, Дмитрий Куличков, Евгений Шумейко, Виталий Даушев, Евгения Дмитриева, Валентин Самохин, Светлана Свибильская, Янина Боуден, Фёдор Стуков, Марсель Шамшулин, Баходир Юлдашев, Игорь Мишин, Максим Филатов, Александр Плотников, Наталья Исакова, Василий Сигарев"
Четыре сезона в Гаване,"Хорхе Перугоррия, Карлос Энрике Альмиранте, Луис Альберто Гарсия, Марио Гуерра, Энрике Молина, Владимир Крус, Нестор Хименес, Карлос Урданивия, Феликс Вискаррет, Антонио Фрутос, Хави Фрутос, Педро Х. Маркес, Херардо Эрреро, Петер Надерман, Леонардо Падура"
Мадлен Мадлен,"Хелена Ховард, Миранда Джулай, Молли Паркер, Оквуи Окпоквасили, Сунита Мани, Фелипе Бонилла, Хорхе Торрес-Торрес, Кэролайн Шоу, Рокио Хименес, Келли Люттер, Сара Майорино, Жозефин Декер, Харрисон Аткинс, Жозефин Декер, Эшли Коннор, Криста Паррис, Эллисон Роуз Картер, Майкл Декер, Жозефин Декер, Гэйл Сигал"
В поисках Аляски,"Чарли Пламмер, Кристин Фросет, Дензель Лав, Джей Ли, Софья Васильева, Ландри Бендер, Юрайа Шелтон, Джордан Коннор, Тимоти С. Саймонс, Рон Сепас Джонс, Сиддхартха Кхосла, Эрин Кохрэн, Мэттью Симонелли, Клер Санчез, Селина ван ден Бринк, Клеа ДюВалл, Рэйчел Ли Голденберг, Рашаад Эрнесто Грин, Меган Гриффитс, Мэттью Рэмси, Шошана Танцер, Хиллари Пэрриш, Рэмси Никелл, Марти Бауэн, Киган Даунс, Лейла Герштейн, Вик Годфри, Кендалл Роджерс, Джош Шварц, Уоррен Хсю Леонард, Стефани Сэвадж"
Части неё,"Тони Коллетт, Белла Хиткот, Джессика Барден, Джозеф Демпси, Омари Хардвик, Дэвид Уэнэм, Терри О’Куинн, Гил Бирмингем, Катрин МакКлементс, Джейкоб Скипио, Дэнни Бенси, Чейз Десо, Сондер Юрриаанс, Мэнди Биалек-Уэстер, Джоэнна Мэй Парк, Жан Эдвардс, Минки Спиро, Мако Камицуна, Майкл Руссо, Оле Брэтт Биркеланд, Тони Коллетт, Анна Фишко, Лесли Линка Глаттер, Кэйси Хэвер, Анастасия Лапина, Татьяна Абрамова, Элиза Мартиросова, Сергей Пономарёв, Александр Носков, Анна Фишко, Джером Хэйрстон"
Телефонистки,"Бланка Суарес, Йон Гонсалес, Ана Фернандез, Надя Де Сантьяго, Ана Мария Польвороса, Нико Ромеро, Кайла Гарсиа, Мартиньо Ривас, Конча Веласко, Грант Джордж, Элена Санчис, Соня Кастро, Антонио Эрнандес, Карлос Седес, Рохер Гуаль, Давид Пинильос, Хулия Хаунатей, Хосечу Лагуна, Оскар Дуран, Альфонсо Постиго, Хакобо Мартинес, Даниэль Соса Сегура, Артуро Диас, Мария Сервера, Хоаким Гуэдес, Эрик Бармак, Альберто Грондона, Паула Фернандез, Хоаким Гуэдес"
Полиция Парадайз,"Дэвид Херман, Том Кенни, Кайл Кинан, Седрик Ярбро, Дэна Снайдер, Роджер Блэк, Грэй Гриффин, Вако О’Гуин, Сара Чок, Джон Ди Маджио, Николас Барри, Рене Гарза, Томас Якоби, Алехандро Валенсиа, Лорен Эндрюс, Мэтт Гарофало, Майкл Д’Иса-Хоган, Роджер Блэк, Джефф Брэдфилд, Джоэль Кувахара, Вако О’Гуин, Роджер Блэк, Вако О’Гуин, Майкл Роу, Роки Руссо"
Воспоминания Хрустального озера: Полная история пятницы 13-го,"Кори Фельдман, Питер Брэйк, Кимберли Хиггинс, Эмма Джейкобс, Антуан Перри, Мелисса Эд, Лойд Альбен, Гарри Манфредини, Дэниэл Фаррандс, Эндрю Каш, Майкл Бенни Пирс, Баз Уоллик, Томми Войцеховский, Питер Брэйк, Дэниэл Фаррандс, Питер Брэйк"
Императрица Китая,"Фань Бинбин, Шэн Баопин, Ван Хуэйчунь, Аариф Ли, Чжан Фэнъи, Джанин Чан, Кэти Чоу, Тинг Чэнг, Сунь Цзяци, Ко Сан Мэн, Пань Пу"
Противостояние,"Джеймс Марсден, Одесса Янг, Александр Скарсгард, Вупи Голдберг, Эмбер Хёрд, Джован Адепо, Оуэн Тиг, Ирен Бедард, Брэд Уильям Хенке, Майк Могис, Нат Валкотт, Джастин Людвиг, Катриона Робинсон, Гай Роланд, Дорис Дойчманн, Джош Бун, Бриджет Паларди, Крис Фишер, Мэттью Ранделл, Робб Салливан, Роб Бонз, Марк Кларк, Том Яцко, Эли Смолкин, Дэвид Стоктон, Джош Бун, Джейк Брейвер, Бенжамин Кэвелл, Джош Бун, Бенжамин Кэвелл, Стивен Кинг, Джилл Килл"
Отчим,"Карина Андоленко, Антон Хабаров, Владимир Гостюхин, Василий Бочкарев, Александр Бухаров, Алексей Колган, Вильма Кутавичюте, Юрий Степанов, Артём Быстров, Ксения Теплова, Артем Васильев, Сергей Гинзбург, Мария Северцова, Петр Дьяков, Джаник Файзиев, Рафаел Минасбекян, Иннокентий Малинкин, Александр Бондарев, Николай Лырчиков"
Черная река,"Павел Трубинер, Анастасия Стежко, Владимир Селезнев, Семён Шкаликов, Антонина Комиссарова, Павел Делонг, Дарья Повереннова, Кирилл Каганович, Анастасия Сорокина, Юрий Цурило, Игорь Бабаев, Анастасия Беляева, Стас Иванов, Кирилл Арасланов, Михаил Верийский, Сергей Багиров, Артём Ионин, Стас Иванов"
Перл,"Брэт «Брук» Паркер, Майкл Дэйли, Майкл Фредериксон, Эрик Лэнгли, Джимми Лиллард, Остин Мэдисон, Келси Манн, Кайл Макдэниэл, Виктор Нэвон, Пинар Топрак, Кристен Лестер, Брэдли Ферниш, Линдси Коллинз, Джиллиан Либберт, Кристен Лестер, Майкл Дэйли, Брэдли Ферниш, Джеймс Робертсон"
Собиратель тел,"Гай Клеменс, Аус Грейднаус, Нуртье Херлар, Карин Крутцен, Винсент Линхорст, Порги Франссен, Дрис Смитс, Риад Абдель-Наби, Маргрет Просе, Тим Олихоек, Аксел Сковдал Рулофс, Кун Струве, Сабина Брайан, Ален Де Левита, Кайя Вольферс, Нильс Бок, Ян Харм Деккер, Роберт Ян Оверем"
Ноль,"Шах Рукх Кхан, Анушка Шарма, Катрина Каиф, Мохаммед Зишан Айюб, Абхай Деол, Мадхаван, Н. Бэрри Карвер, Спенсер Оллпорт, Танишк Багчи, Аджай Гогавале, Атул Гогавале, Х.П. Гутьеррес, Мадлен О’Брайэн, Каника Пахва, Каришма Гулати, Анкита Джха, Аки Нарула, Анаита, Рай Ананд, Хемаль Котари, Маню Ананд, Гаури Кхан, Каруна Бадваль, Рави Сарин, Прашант Шах, Шарма Химаншу"
Король неба,"Ван Ибо, Ху Цзюнь, Чжоу Дунъюй, Юй Ши, Бу Юй, Чжай Юйцзя, Ван Цзычэнь, Лу Синь, Цюй Чжэмин, Тянь Чжуанчжуан, Го Сыда, Цинь Вэйли, Лян Тинтин, Лю Сяоши, Сяо Ян, Ли Жуйлян, Уилл Вэй, Бай Юйся, Хань Хань, Чэнь Хао, Цзян Пин, Ли Цзе, Евгений Рубцов, Александр Коврижных, Татьяна Абрамова, Глеб Глушенков, Глеб Гаврилов, Гуй Гуань, Лю Сяоши"
Любовное письмо,"Грегори Монтель, Грегори Гадебуа, Анаис Демустье, Леа Дрюкер, Надеж Боссон-Диань, Пабло Поли, Шарлотта Кламенс, Гаэтан По, Жан-Франсуа Сивадье, Солен Риго, Давид Штанке, Кэрол Жерар, Жером Боннель, Жюли Дюпре, Паскаль Лагрифул, Мишель Сен-Жан, Энн Мэтью, Жером Боннель"
Граница,"Джейсон Момоа, Лэндон Либуарон, Зои Бойл, Грег Брайк, Джессика Маттен, Аллан Хоуко, Лайла Портер-Фоллоус, Майкл Патрик, Алан Армстронг, Диана Бентли, Эндрю Локингтон, Ксавьер Жорж, Майкл Граунд, Джон Ватчер, Брэд Пейтон, Т.Дж. Скотт, Кен Джиротти, Джеймс Патрик, Эрик Годдар, Дэвид Херрингтон, Глен Кинэн, Филип Лэньон, Питер Блэкки, Роберт Блэкки, Росс Лесли, Алекс Патрик, Роберт Блэкки, Питер Блэкки, Шерри Уайт, Перри Шаф"
Рыцарь мечты,"Сон Ха-юн, Лим Джэ-бом, Чинён, Джексон Ван, Марк Туань, Ёнджэ, БэмБэм, Югём, Мин, Чан Хи-рён, Пак Пён-хван, Чжу Сянъян, Пак Пён-хван, Вон Ён-щиль"
Однажды в лесу,"Франсис Алле, Мишель Папинески, Эрик Невё, Люк Жаке, Стефан Мазалегю, Жером Бовье, Антуан Марто, Ив Дарондо, Кристоф Лиюд, Эммануэль Приу, Николай Дроздов, Люк Жаке, Франсис Алле"
Каникулы маленького Николя,"Матео Бойсселье, Валери Лемерсье, Кад Мерад, Доминик Лаванан, Були Ланнерс, Франсуа-Ксавье Демезон, Лука Дзингаретти, Жюдит Анри, Брюно Лоше, Фабьен Галула, Эрик Невё, Этьен Роде, Брюно Вия, Пьер-Жан Ларрок, Лоран Тирар, Валери Десэн, Дени Руден, Оливье Дельбоск, Марк Миссонье, Лоуренс Клерк, Кристин де Жекель, Николай Боярский, Регина Щукина, Михаил Хрусталёв, Галина Чигинская, Борис Хасанов, Жако ван Дормель, Рене Госинни, Жан-Жак Семпе, Лоран Тирар"
Bella Германия,"Наталья Белицки, Сильвия Бусуйок, Кристоф Летковски, Денис Москитто, Костя Улльман, Марлен Лозе, Штефан Курт, Андреа Завацки, Йоахим Биссмайер, Алессандро Брессанелло, Доминик Гисригль, Герта Добнер, Моника Майер, Эстер Амюзер, Хайке Бенк, Грегор Шнитцлер, Георг Зёринг, Вольфганг Айххольцер, Александр Бикел, Беата Браумштедт, Гвидо Черасуоло, Кристина Крист, Алёна Созинова, Александр Коврижных, Илья Крутояров, Евгений Вальц, Елена Шульман, Роберт Краузе, Флориан Пучерт, Даниэль Шпэк"
Веном 2,"Том Харди, Вуди Харрельсон, Мишель Уильямс, Наоми Харрис, Рейд Скотт, Стивен Грэм, Пегги Лу, Сиан Веббер, Мишель Гринидж, Роб Боуэн, Марко Белтрами, Рави Бансал, Том Браун, Майкл Е. Голдман, Саймон Ламонт, Трой Сайзмор, Малкольм Стоун, Хейли Истон, Джоэнна Итуэлл, Алекс Бранденбург, Доминик Кэйпон, Энди Серкис, Марианн Брэндон, Стэн Сэлфэс, Роберт Ричардсон, Ави Арад, Джонатан Кавендиш, Рубен Фляйшер, Том Харди, Илья Исаев, Дмитрий Полонский, Наталья Грачёва, Анастасия Лапина, Павел Дорофеев, Келли Марсел, Том Харди"
Преступления страсти: Трагедия в монастырском саду,"Тува Новотны, Линус Вальгрен, Ола Рапас, Реубен Сальмандер, Катя Винтер, Эмиль Алмен, Лив Мяёнес, Сюзанна Торсон, София Бах, Йохан Х:сон Чельгрен, Пер Фрид, Майя Дегерлунд, Кристиан Эклёв, Кристофер Панов, Андрес Ригнелль, Рени Ахо, Алекс Хариди, Мария Ланг"
Лошадь мечты,"Тони Коллетт, Оуэн Тил, Алан Дэвид, Линда Барон, Дэмиэн Льюис, Карл Джонсон, Стеффан Родри, Риз Ап Уилльям, Шан Филлипс, Джулиан Люкстон, Холли Маккарти, Сиан Дженкинс, Шарлотта Уоттс, Эрос Лин, Джэми Пирсон, Эрик Уилсон, Кэтерин Батлер, Трэйси О’Риордан, Дэниэл Баттсек, Сью Брюс-Смит, Нил МакКэй"
Болотная тварь,"Кристал Рид, Энди Бин, Дерек Мирс, Вирджиния Мэдсен, Хендерсон Вэйд, Мария Стэн, Джерил Прескотт, Уилл Пэттон, Кевин Дюран, Дженнифер Билз, Брайан Тайлер, Джейсон Бистарки, Уильям Дж. Дэвис, Эмми Холмс, Чак Поттер, Деран Сарафян, Лен Уайзман, Кэрол Бенкер, Грег Биман, Скотт Дрэйпер, Тим Миркович, Марк Стивенс, Фернандо Аргуэльес, Натаниель Гудман, Питер Б. Ковальски, Педро Луке, Майкл Клиар, Гари Доберман, Дорис Иган, Том Флорес, Евгения Ваган, Сергей Анненков, Анна Киселёва, Юлия Горохова, Илья Хвостиков, Франклин джин Ро, Дорис Иган"
Императрица Ки,"Ха Джи-вон, Чу Джин-мо, Чи Чхан-ук, Пэк Чин-хи, Ким Со-хён, Чон Гук-хван, Ли Джэ-ён, Ли Вон-джон, Ли Мун-щик, Хан Хе-рин, Джей Ким, Хан Хи, Ли Сон-джун, Чан Ён-чхоль, Чон Гён-сун"
Групповая агрессия,"Венсан Кассель, Алексис Маненти, Кентан Форе, Мари Шевало, Саид Беншнафа, Седрик Дюто, Нассим Бутели, Аймен Саиди, Карим Букерша, Бенуа Солер, Чарльз Антониоз, Мурад Белькеддар, Жан Дюамель, Николас Лермитт, Карим Букерша"
Девочка со спичками,"Лиа Мюллер, Максимилиан Эренрайх, Нина Кунцендорф, Йорг Хартман, Оливер Кориттке, Фердинанд Леманн, Михаэль Лотт, Тео Требс, Анна Шефер, Керстин Крамер, Михаэль Клаукин, Петра Фассбендер, Петра Ноймайстер, Уве Янсон, Мелания Зингер, Маркус Стоц, Мартин Хофманн, Андреас Берндт, Сабине Прюшхоф, Ханс Кристиан Андерсен"
Перекрёсток,"Фрэнк Грилло, Джейми Александер, Рошди Зем, Мари-Жозе Кроз, Мусса Мааскри, Чарли Бьюли, Аффиф Бен Бадра, Карлос Леаль, Габриэлла Райт, Абделила Надиф, Ричард Горовиц, Дельфин Де Казанове, Софи Пуг, Дэвид Маркони, Жюльен Рей, Томас Хардмейер, Люк Бессон, Бенедикт Беллок, Фанни Бессон, Гарет Аптон, Дэвид Маркони"
Якудза и семья,"Го Аяно, Хироси Тати, Хаято Итихара, Матико Оно, Юкия Китамура, Хаято Исомура, Синобу Тэрадзима, Рё Ивамацу, Косукэ Тоёхара, Сюн Сугата, Таро Ивасиро, Митихито Фудзии, Кэисукэ Имамура, Кэидзо Окамото, Дзюнко Сато, Митиаки Цунода, Митихито Фудзии"
Одни в Берлине,"Даниэль Брюль, Эмма Томпсон, Брендан Глисон, Микаэл Персбрандт, Луис Хофман, Катарина Шюттлер, Джошуа Гроте, Годехард Гизе, Якоб Маченц, Эмиль фон Шёнфельс, Александр Деспла, Ютта Хаген, Аня Мюллер, Андреас Ольсхаусен, Николь Фишналлер, Ингеборг Хайнеман, Венсан Перес, Франсуа Гедижье, Кристоф Бокарн, Штефан Арндт, Кристиан Грасс, Марко Паккиони, Джеймс Шеймус, Ахим фон Боррис, Венсан Перес, Беттин фон Боррис, Ганс Фаллада"
Паранормальные явления,"Разан Джаммаль, Филип Шахбаз, Ахмед Амин, Дина Надим, Амр Салама, Ахмед Хафез, Валид Аль-Саббах, Мохамед Хефзи, Амр Салама, Амр Салама, Махмуд Эззат, Омар Халед"
Когда летают герои,"Томер Капон, Нинетт Тайеб, Михаэль Алони, Наддав Нец, Моше Ашкенази, Адам Мейр, Ассаф Коэн, Рой Насси, Франсиско Арбелаэз, Омри Гивон, Амит Гинтон, Амир Уинклер, Асаф Закар, Нитай Нецер, Сэмюэл Стюарт Хантер, Омри Гивон, Амир Гутфренд"
Горькая правда,"Маршон Багг, Клиффорд Элсвик, Мадлен Сэклер, Эндрю Холландер, Мадлен Сэклер, Дэннис Браун, Маршон Багг, Эл’Джонон Коулмэн, Ли Джонсон, Вольфганг Хельд, Стэйси Райсс, Мадлен Сэклер, Карим Биггз Бурк, Шэрон Чанг"
Кода,"Орла Фицджералд, Брин Глисон, Алан Холли, Алан Холли, Киаран Дини, Адриен Мериго, Алан Холли"
Окулус,"Карен Гиллан, Брентон Туэйтс, Кэти Сакхофф, Рори Кокрейн, Анналиса Бассо, Гаррет Райан, Джеймс Лэфферти, Мигель Сандовал, Кейт Сигел, Скотт Грэм, The Newton Brothers, Элизабет Боллер, Линн Фалконер, Мишель Маршан II, Майк Флэнаган, Майк Флэнаган, Майкл Фимоньяри, Марк Д. Эванс, Тревор Мэйси, Джейсон Блум, Морган Питер Браун, Екатерина Семенова, Николай Быстров, Инна Королёва, Илья Исаев, Полина Ильюшенко, Майк Флэнаган, Джефф Ховард, Джефф Сейдман"
Истории в кино: Опоздание,"Арсений Попов, Антон Шастун, Дмитрий Позов, Сергей Матвиенко, Стас Шеминов"
Я не террорист,"Нурмухаммад Хуснутдинов, Саддридин Амриддинов, Сулим Селиханов, Давид Байрамян, Отабек Махкамов, Шохрух Рахимов, Бекзод Тоджиев, Жасур Бадалбаев, Бахриддин Шамсутдинов, Мухаммад Али Искандаров, Хусан Атабаев, Фирдавс Абдухаликов, Мухаммад Али Искандаров"
Вечерний Уткин,"Василий Уткин, Антон Орехъ"
Замок из песка,"Николас Холт, Логан Маршалл-Грин, Генри Кавилл, Томми Флэнаган, Глен Пауэлл, Бо Напп, Нил Браун мл., Сэмми Шейк, Салим Дау, Сьюзи Харман, Фернандо Коимбра, Марк Гордон, Джастин Наппи, Крис Росснер, Крис Росснер"
Хочешь или нет?,"Софи Марсо, Патрик Брюэль, Андре Вильм, Сильви Вартан, Франсуа Морель, Филипп Леллуш, Жан-Пьер Марьель, Патрик Брауде, Клод Перрон, Паскаль Демолон, Кристоф Шассоль, Филипп Коэн-Солал, Лоик Дюри, Кристоф Минк, Оливье Лижан, Катрин Жаррье-Приё, Тони Маршалл, Стэн Колле, Жак Комет, Паскаль Ридао, Тони Маршалл, Себастьен Деллуа, Жюльен Дери, Татьяна Шитова, Александр Коврижных, Владимир Левашёв, Людмила Ильина, Александр Новиков, Софи Ковесс-Брун, Эрван Огояр, Тони Маршалл, Николя Мерсье"
Хор,"Люк Сени, Дидье Люсьен, Себастьен Рикар, Люк Сикард, Фани Маллет, Кэролайн Пурье, Франсуа Делиль, Франсуа Делиль, Франсуа Делиль, Максим Бернард, Франсуа Делиль, Франсуа Делиль"
Катя и Эф. Куда-Угодно-Дверь,"Алиса Текучёва, Даниил Эльдаров, Павел Евлахов, Тони Лаубингер, Антон Серебренников, Роман Трамвай, Леонид Фельдман, Татьяна Цыварева, Евгений Головин, Антон Сметанкин, Катерина Кашинцева, Евгений Головин, Роман Трамвай, Татьяна Авилова, Юлия Иванова"
"Девочка, дракон и папа","Евгения Жиркова, Николай Маковский, Антон Оленев, Евгения Жиркова"
Теория самоубийства,"Стив Музакис, Леон Кэйн, Джосс МакУильям, Мэттью Скалли, Тодд Леви, Николас Купер, Уорвик Комбер, Эрин Коннор, Крис Бартоломью, Рон Келли, Рольф Мейер, Дрю Браун, Ахмад Халими, Дэн МакАртур, Дрю Браун, Дэн МакАртур, Кристиан МакКарти, Дарвин Брукс"
Кунг Фьюри,"Дэвид Сандберг, Йорма Такконе, Стивен Чю, Леопольд Нильссон, Андреас Калинг, Пер-Хенрик Арвидиус, Эрик Хёрнквист, Фрэнк Сэндерсон, Элени Янг, Хелен Алсон, Дэвид Сандберг, Нильс Мострём, Маттиас Андерссон, Йонас Эрнхилл, Мартин Ердемальм, АльВалид К. АльШехаиль, Амбия Аведа, Хаиро Дэвид Авила, Дэвид Сандберг"
Золотые прииски Колара: Глава 2,"Яш, Санджай Датт, Равина Тандон, Шриниди Шетти, Акюта Кумар, Пракаш Радж, Рао Рамеш, Малавика Авинаш, Т.С. Нагабнарана, Еасвари Рао, Рави Басрур, Шивакумар, Йоги Чирадж, Сания Сардхария, Прашантх Нил, Уджвал Кулкарни, Бхуван Говда, Виджай Кирагандур, Иван Жарков, Максим Галиц, Алёна Созинова, Татьяна Абрамова, Дмитрий Филимонов, Прашантх Нил"
"Красивый, плохой, злой: Начало","Чад Майкл Мюррэй, Холлэнд Роден, Джейк Хэйс, Лин Шэй, Грир Грэммер, Оливия ДеЛаурентис, Джулианна Коллинз, Джианна Адамс, Дешил Коннери, Энтони Де Лонгис, Стив Мур, Сьюзэн Допнер-Сенак, Дэниэл Фаррандс, Дэн Риддл, Лука Базели, Дэниэл Девила, Дэниэл Фаррандс, Лукас Джарач, Николя Картье, Иван Калинин, Варвара Чабан, Евгений Рубцов, Наталья Казначеева, Татьяна Абрамова, Дэниэл Фаррандс"
Вся красота и кровопролитие,"Нэн Голдин, Меган Каплер, Марина Берио, Ноэми Бонацци, Патрик Рэдден Киф, Гарри Каллен, Дэррил Пинкни, Лора Пойтрас, Джо Бини, Эми Фут, Брайан А. Кейтс, Нэн Голдин, Ховард Гертлер, Нэн Голдин, Йони Голихов, Джон С. Лайонс"
Три в одном,"Наталья Рычкова, Александр Ратников, Андрей Карако, Артем Семакин, Валентина Лосовская, Юлия Чебакова, Александр Ефремов, Марк Нестер, Алеся Пуховая, Сергей Широчин, Кирилл Нерсесян, Андрей Степанычев, Наталья Основская, Илья Хотиненко, Евгений Салмин, Антон Костромин, Евгения Вильшанская, Кирилл Нерсесян, Александр Жигун, Мария Михелева"
Мой козлёнок,"Аими Фукухара, Мидзухо Мисато, Каори Ямасита, Дайсукэ Кавасима, Томоки Мисато, Юити Ито"
"9 причин, чтобы жить","Виктор Бельмондо, Жерар Ланвен, Йоанн Элунду, Орнелла Флёри, Мари-Сона Конде, Лили Опти, Дафна де Катрбарб, Франсуа Бюрелу, Гвендалина Дойчева, Жан-Луи Барселона, Филипп Ромби, Кристоф Барратье, Ив Дешам, Селия Лафитедюпон, Жером Альмерас, Александр де Ла Пательер, Матьё Делапорт, Дмитрий Рассам, Лоран Дассо, Мэгги Перен, Энди Рогенхаген, Кристоф Барратье"
Осторожно: Грамп!,"Иэн Макшейн, Тоби Кеббелл, Лили Коллинз, Кит Викхэм, Дэвид Холт, Эмма Тейт, Эми Томпсон, Андрес Уильямс, Клэр Морган, Джеймс Сеймур Бретт, Андрес Кутерье, Дж. Мартин Тельес Андраде, Грегори Гавански, Билл Шульц, Эдоардо Бусси, Гай Коллинз, Александр Коврижных, Антон Колесников, Алёна Созинова, Владимир Антипов, Джим Хехт, Алисия Нуньес Пуэрто"
Война под землей,"Сэм Хэзелдайн, Том Гудман-Хилл, Крис Хитченс, Эллиотт Джеймс Лангридж, Сэм Клемметт, Джозеф Стейн, Сонни Эшборн Серкис, Анна Магуайр, Эндрю Скарборо, Дуглас Рейт, Энн Кулонен, Люси Гахаган, Оливер Кронк, Эмили Моитой-Стурман, Дж.П. Уоттс, Ник Кук, Луис Герерро, Уилл Ночел, Крис Лемос, Александра Брид, Сергей Чихачёв, Даниил Эльдаров, Александр Хорлин, Евгений Хазов, Глеб Гаврилов, Дж.П. Уоттс, Томас Вудс"
Город мошенников,"Ланник Готри, Станислас Мерхар, Каарис, Давид Белль, Патрик Каталифо, Жан Рено, Мусса Мааскри, Катрин Маршаль, Франсис Рено, Эрика Сэйнт, Эрванн Керморвант, Джимена Эстеве, Оливье Маршаль, Камилль Дельпра, Рафаэль Уртен, Дени Руден, Сидони Дюма, Седрик Иланд, Адриан Политовски, Оливье Маршаль"
911: Одинокая звезда,"Роб Лоу, Ронен Рубинштейн, Сьерра Эйлина Макклейн, Джим Пэррак, Наташа Карам, Брайан Майкл, Джулиан Уоркс, Брианна Бэйкер, Джина Торрес, Джастин Кейн Барнетт, Тодд Хаберман, Мак Квейл, Расселл М. Джагер, Нэйтан В. Бэйли, Брэдли Букер, Чад Лоу, Джон Дж. Грэй, Марита Грабяк, Рави Субраманьян, Кристин Халафиан, Джули Дражен, Эндрю Стрэхорн, Натаниэль Ворсе, Джо Бродерик, Анджела Бассетт, Брэдли Букер, Джефф Дикерсон, Брэд Фалчук, Брэд Фалчук, Тим Майнир, Райан Мерфи, Рашад Райсани"
Любовь как бестселлер,"Сэм Клафлин, Ремми Милнер, Антония Кларк, Люси Панч, Фернандо Бесерриль, Вероника Эчеги, Горасио Гарсиа Рохас, Эвелин Фаррелл, Йен Ливингстоун, Синтия Лопес, Аналейне Каль-и-Майор, Берни МакГерк, Марк Торнтон, Жерардо Барросо, Найнсун Алаэ-Кэрью, Максим Коттрей, Майкл Ноулз, Аллан Нибло, Павел Дорофеев, Полина Щербакова, Анастасия Лапина, Владимир Левашёв, Юлия Горохова, Аналейне Каль-и-Майор, Джофф Дин, Дэвид Квантик"
Процесс,"Сергей Лозница, Даниэлюс Коканаускис, Мария Шустова, Сергей Лозница, Сергей Лозница"
Ромео и Джульетта,"Ричард Мэдден, Лили Джеймс, Дерек Джекоби, Мариза Беренсон, Джек Колгрейв Хирст, Том Хэнсон, Мэттью Хоуксли, Тейлор Джеймс, Пип Джордан, Ансу Кабиа, Патрик Дойл, Роб Эшфорд, Кеннет Брана, Бенджамин Карон, Джон Бэт, Глайнис Мюррэй, Артур Брук, Уильям Пэйнтер, Уильям Шекспир"
Астерикс и тайное зелье,"Кристиан Клавье, Гийом Бриа, Алекс Лутц, Александр Астье, Эли Семун, Даниэль Месгиш, Бернар Алан, Франсуа Морель, Лионель Астье, Флоренс Форести, Филипп Ромби, Александр де Брока, Александр Астье, Луи Клиши, Дэвид Дулак, Филипп Бони, Натали Альтман, Диана Гейдж, Иван Калинин, Алексей Колган, Евгений Толоконников, Александр Скиданов, Олег Зима, Рене Госинни, Альбер Юдерзо, Луи Клиши, Александр Астье"
Даже мыши попадают в рай,"Симона Берман, Грэм Халстед, Клаудиуш Кауфман, Моника Вижбицкая, Збигнев Конопка, Кшиштоф А. Янчак, Ян Бубеничек, Дениса Гриммова, Радек Лукота, Джонатан Хазан, Томас Янишек, Марек Еничек, Владимир Лготак, Михаил Тихонов, Ольга Сирина, Олег Куценко, Ольга Шорохова, Илья Хвостиков, Джеффри Хилтон, Ричард Малатинский, Элис Неллис, Ива Прохазкова"
Северяне,"Каре Конради, Нильс Йорген Каалстад, Йон Эйгарден, Бьорн Мирен, Силье Торп, Тронд Фауса Аурвааг, Ёйстейн Мартинсен, Мариан Саастад Оттесен, Кристин Риис, Миккель Братт Сильсет, Йоханнес Ринген, Нелл Кнудсен, Гру Х. Гиллесен, Лизе Сандберг, Йонас Торгерсен, Родриго Стойчефф, Ховар Карлсен, Андерс Танген, Чарло Хальворсен, Йонас Торгерсен"
Самая безумная свадьба 3,"Кристиан Клавье, Шанталь Лоби, Эри Абиттан, Меди Садун, Фредерик Шо, Нум Дьявара, Фредерик Бель, Эмили Кан, Элоди Фонтан, Алис Давид, Маттье Гоне, Сесилия Блом, Филипп де Шоврон, Тома Дессан, Сандро Лавецци, Кристиан Абомн, Ромен Ройтман, Бенжамен Эсс, Ги Лоран, Филипп де Шоврон"
Лес,"Пак Хэ-джин, Чо Бо-а, Рю Сын-су, Чон Ён-джу, Ли До-гён, Ли Щи-хун, Мин Джун-хён, Но Гван-щик, Юн Бог-ин, Чхве Сын-хун, О Джон-нок"
Лес любви,"Киппэй Сина, Синносукэ Мицусима, Кёко Хинами, Эри Каматаки, Ян Дэйс, Дэндэн, Сэи Матобу, Нацуки Кавамура, Юдзака Накая, Даи Хасэгава, Кэндзи Като, Аюми Токуда, Сион Соно, Такаюки Масуда, Сохэй Таникава, Хироси Муто, Таро Гото, Кадзутака Сакамото, Такэси Судзуки, Сион Соно"
Обстоятельства смерти,"Пакорн Тханасриванитчаи, Наттапол Дилокнаварит, Сапол Ассавамунконг, Нуттхапонг Пхибунтханакиет, Патара Ексангкул, Нутвара Вонгвасана, Наттапонг Аруннате, Чукиат Саквиракул, Абхисит Вонгваитракарн, Саравут Накайяд, Саравут Накайяд, Кайчен Ли, Саммон"
Тигр,"Чхве Мин-сик, Чон Ман-щик, Ким Сан-хо, Сон Ю-бин, Рэн Осуги, Чон Сог-вон, Ким Хон-пха, Ра Ми-ран, Ли На-ра, Чон Джи-со, Чо Ён-ук, Чо Хва-сон, Чо Сан-гён, Пак Хун-джон, Ким Чхан-джу, Ли Мо-гэ, Пак Мин-джон, Хан Джэ-док, Щин Мин-гён, Пак Хун-джон"
Комната 207,"Мухаммад Фаррадж, Рихам Абдель Гафур, Нардин Фарадж, Мурад Макрам, Юссеф Осман, Камел Эль Баша, Гихан Эль Шамашерджи, Мариам Альхошт, Асма Джалал, Мухаммад Мамдух, Ашраф Эльзифтави, Сайед Салах, Тамер Ашри, Мохамед Бакир, Ларри Набиль Хузэйн, Мостафа Метуолли, Тамер Ибрахим, Ахмед Халед Тауфик"
Атака титанов,"Юки Кадзи, Юи Исикава, Марина Иноуэ, Хироси Камия, Ю Кобаяси, Роми Пак, Ю Симамура, Кисё Танияма, Даисукэ Оно, Саки Фудзита, Хироюки Савано, Ёсики, Кота Ямамото, Сюнъитиро Ёсихара, Кёдзи Асано, Юхо Таниути, Томохиро Киси, Тэцуро Араки, Масаси Коидзука, Хироюки Танака, Синтаро Итога, Ая Хида, Масато Ёситакэ, Кадзухиро Ямада, Сигэки Асакава, Син Фурукава, Тэцуя Киносита, Тосихиро Маэда, Томохито Нагасэ, Влад Токарев, Иван Чабан, Татьяна Борзова, Ульяна Романова, Анна Мосолова, Хадзимэ Исаяма, Ясуко Кобаяси, Кодзи Сэко, Нобору Такаги"
Записи о магии. Девочка-волшебница Мадока: Волшебство Гайдэн,"Момо Асакура, Сиина Нацукава, Сора Амамия, Аянэ Сакура, Юи Огура, Эмири Като, Каори Исихара, Аяка Охаси, Манака Ивами, Юи Хориэ, Такуми Одзава, Кэн Наито, Дзюнъитиро Танигути, Такэси Наито, Гэкидан Ину Курри, Юкихиро Миямото, Кэндзиро Окада, Наоаки Сибута, Риэ Мацубара, Кодзи Цутия, Рэи Эгами, Ясухиро Окада, Тацуя Исикава, Хироюки Кобаяси, Мицутоси Кубота, Анастасия Портная, Татьяна Борзова, Ирина Евтягина, Анна Мосолова, Екатерина Попова, Ёсукэ Анаи, Гэкидан Ину Курри, Каэдэ Огава, Кацухико Такаяма"
Человек-муравей и Оса,"Пол Радд, Эванджелин Лилли, Майкл Дуглас, Ханна Джон-Кэймен, Майкл Пенья, Лоренс Фишбёрн, Уолтон Гоггинс, Ти-Ай, Давид Дастмалчян, Мишель Пфайффер, Кристоф Бек, Рэйчел Блок, Майкл Е. Голдман, Кил Гукин, Калла Клессиг, Джей Пелиссье, Доменик Сильвестри, Клинт Уоллес, Луиз Фрогли, Джин Сердена, Пейтон Рид, Дэн Лебентал, Крэйг Вуд, Данте Спинотти, Виктория Алонсо, Митчелл Белл, Стивен Бруссар, Луис Д’Эспозито, Антон Эльдаров, Ирина Киреева, Валерий Сторожик, Мария Иващенко, Прохор Чеховской, Крис МакКенна, Эрик Соммерс, Пол Радд, Эндрю Баррер"
меЖДУНами,"Александр Баширов, Дмитрий Лысенков, Игорь Ключников, Александр Толчинский, Евгений Алехин, Анастасия Филяева, Александр Быковский, Илья Соловьев, Татьяна Тузова, Алексей Дмитриев, Василий Быстров, Максим Максимов, Алексей Деревянко, Дмитрий Юхин, Николай Иванов, Илья Соловьев, Александр Толчинский, Василий Быстров, Андрей Сычёв"
Сегодняшний вебтун,"Ким Сэ-джон, Нам Юн-су, Чхве Даниель, Ко Чхан-сок, На Ин-у, Щин Гу, На Мун-хи, Юн Ю-сон, Ким Гап-су, Пак Хо-сан, Чо Су-вон, Ким Ён-хван, Квон Ми-гён, Наоко Мацуда"
Сильвия,"Джоли Майатт, Бенжамин Хартли, Ричард Прендергаст, Эндрю Майкл Бакли, Бенжамин Хартли, Ричард Прендергаст"
Гинтама: Любовные благовония,"Томокадзу Сугита, Даисукэ Сакагути, Риэ Кугимия, Юко Каида, Аяхи Такагаки, Сацуки Юкино, Сусуму Тиба, Томо Сакураи, Фумико Орикаса, Каори Накамура, Тидзуру Мияваки, Мигми, Хикару Ямагути, Сю Мацубара, Хидэаки Сорати"
Бриттани бежит марафон,"Джиллиан Белл, Дженнифер Дандас, Патрик Дарро, Элис Ли, Эрика Эрнандес, Микаэла Уоткинс, Адам Зиц, Дэн Биттнер, Мики Дэй, Дункан Тум, Наоми Манро, Стэйси Берман, Ким Фишер, Пол Доунз Колайццо, Кэйси Брукс, Симус Тирни, Марго Хэнд, Тоби Магуайр, Мэттью Плоуффе, Джиллиан Белл, Пол Доунз Колайццо"
Супер мама 2,"Андраник Арутюнян, Левон Арутюнян, Эва Хачатрян, Ани Хачикян, Арман Мартиросян, Айк Марутян, Храч Мурадян, Арман Навасардян, Гарик Папоян, Ваган Погосян, Ваагн Хачатрян, Арман Марутян, Айк Марутян, Роберт Мартиросян, Арман Марутян"
Двуличная сестрёнка Умару!,"Аими Танака, Акари Кагэяма, Харука Сираиси, Юрина Фурукава, Кэндзи Нодзима, Химика Аканэя, Хироки Маэда, Икуто Канэмаса, Хироки Ясумото, Рэна Маэда, Ясухиро Мисава, Юки Икэноэ, Масахико Ота, Сёго Араи, Киёси Фукумото, Гэисэи Морита, Эми Онодэра, Такафуми Кувано, Ёсихиро Фурусава, Син Хиэда, Хадзимэ Камата, Тэцуо Мотояси, Такаси Аосима, Такамицу Коно, Хидэаки Коясу, Кэндзи Сугихара"
Главная роль,"Пенелопа Крус, Антонио Бандерас, Оскар Мартинес, Хосе Луис Гомес, Маноло Соло, Нагоре Арамбуру, Ирена Эсколар, Пилар Кастро, Кольдо Олабарри, Хуан Грандинетти, Сара Нативидад, Ванда Моралес, Мариано Кон, Гастон Дюпра, Альберто дель Кампо, Арнау Вальс Коломер, Хауме Роурес, Хавьер Мендес, Антонио Бандерас, Пенелопа Крус, Марианна Шульц, Денис Некрасов, Владимир Антоник, Никита Прозоровский, Александр Коврижных, Андрес Дюпра, Гастон Дюпра, Мариано Кон"
Методом проб и ошибок,"Николас Д’Агосто, Джейма Мейс, Стивен Бойер, Шерри Шеперд, Криста Родригез, Джон Литгоу, Аманда Пэйтон, Кристин Ченоуэт, Джоэль Маккрэри, Энджел Паркер, Джон Свайхарт, Роб Токарз, Питер Андринга, Хантер Браун, Кэри Беннетт, Джеффри Блитц, Мэттью Сон, Ребекка Эшер, Райан Кейс, Яна Горская, Дэйн МакМастер, Варун Висванат, Джон Танцер, Майкл Бэлфри, Бенджамин Касулке, Джефф Астроф, Мэттью Миллер, Джеффри Блитц, Крэйг Герард, Джефф Астроф, Мэттью Миллер, Крэйг Герард, Мэттью Зинмен"
Пожары на равнинах,"Синъя Цукамото, Рири Фрэнки, Тацуя Накамура, Юсаку Мори, Юко Накамура, Дин Ньюкомб, Хироси Судзуки, Масато Цудзиока, Хироси Ямамото, Тю Исикава, Хитоми Окабэ, Синъя Цукамото, Синъя Цукамото, Сатоси Хаяси, Синъя Цукамото, Синъя Цукамото, Синъя Цукамото, Сёхэй Оока"
Красавчик и Чон-ым,"Намгун Мин, Хван Джон-ым, О Юн-а, Щим Хе-джин, Ли Мун-щик, Чон Ён-джу, Нам Гён-ып, Чо Даль-хван, Чхве Тхэ-джун, Чон Мун-сон, Ким Ю-джин, Ли Джэ-юн"
Последний рассвет,"Чжан Цзюэ, Хэнк Ли, Жэнь Вэнь, Жэнь Вэнь, Маттиас Дельво, Ли Минцянь, Синди Ли, Лу Ян, Цай Юань, Жэнь Вэнь, Элли Ли, Мэй Янькан"
С Новым годом!,"Татьяна Паугофова, Жужана Норисова, Антония Лискова, Габриэла Марчинкова, Якуб Прахарж, Эмилия Вашарёва, Иржи Бартошка, Каролина Ткачова, Нина Петриковичова, Анна Кадержавкова, Лукаш Кобела, Якуб Кронер, Михал Кондрла, Марио Ондриш, Адриана Кронерова, Полина Ртищева, Виктория Дуженкова, Людмила Ильина, Антон Эльдаров, Анатолий Нокс, Адриана Кронерова"
Забезу. Уши с хвостиком,"Максим Дунаевский, Елена Костюченко, Захар Мартышкин, Анна Лобачёва, Евгений Лобачёв, Александр Филюрин, Александр Алфеев, Анастасия Савченко, Владимир Сергеев, Вячеслав Абрамцев"
Конституция хорватской республики,"Небойша Глоговац, Деян Ачимович, Ксения Маринкович, Божидар Смилянич, Елена Йованова, Райко Грлич, Андрия Зафранович, Бранко Линта, Иван Малока, Рудольф Бирманн, Майк Дауни, Райко Грлич, Анте Томич"
Братья Карамазовы,"Хаято Итихара, Такуми Саито, Кэнто Хаяси, Рин Таканаси, Кохэй Мацусита, Кэнкити Ватанабэ, Сакура Андо, Акира Онодэра, Юриа Хага, Юри Хабука, Дзюнъити Цудзуки, Сёсукэ Мураками, Гэнта Сато, Мисато Сато, Ая Мориясу, Фёдор Достоевский, Сидзука Оки, Ая Такэи"
Мик,"Кэйтлин Олсон, София Блэк-Д’Элиа, Томас Барбаска, Карла Хименес, Джек Стэнтон, Скотт Макартур, Уэйн Уилдерсон, Э.Дж. Каллахан, Трисиа О’Келли, Лэйрд Макинтош, Джон Садофф, Клер Паркинсон, Даниэль Лонзель, Джерри Сантана, Кейтлинн Вуд, Мэттью Сон, Рэндолл Айнхорн, Кэт Койро, Ричи Кин, Джош Дриско, Марк Садлек, Али Гроссман, Алан Кодильо, Крэйг Киф, Дэйв Чернин, Джон Чернин, Ник Френкель, Оли Обст, Линдсей Голдер, Доминик Диркес, Скотт Мардер"
В двух шагах от славы,"Лу Адлер, Стефани Александр, Патти Остин, Крис Ботти, Тодд Бойд, Кэрол Чайлдз, Эми Кристиан, Грег Кларк, Кайлайя Клэйтон, Мерри Клэйтон, Морган Невилл, Дуглас Блаш, Кевин Клаубер, Джейсон Зелдс, Николя Марш, Грэхэм Уиллогби, Джил Фризен, Кэйтрин Роджерс, Майкл К. Росс, Морган Невилл"
На стиле,"Дэймон Дэш, Дэймонд Джон, Карл Кани, Нас, Фаррелл Уильямс, Тайлер Стриклэнд, Саша Дженкинс, Андреа Б. Скотт, Дэвид Воллрат, Маркус А. Кларк, Питер Биттенбендер, Кортни Секстон, Саша Дженкинс"
Семейка монстров,"Ди Брэдли Бейкер, Макс Митчелл, Бен Кингсли, Джаред Харрис, Ник Фрост, Ричард Айоади, Трэйси Морган, Ника Футтерман, Пэт Фрэли, Фред Таташиор, Дарио Марианелли, Элис Бёрд, Курт Эндерле, Дебора Кук, Грэм Эннэбл, Энтони Стакки, Эди Итиока, Джон Эшли Прат, Дэвид Блайман, Трэвис Найт, Мэттью Фрид, Степан Студилов, Владимир Левашёв, Владимир Зайцев, Алексей Колган, Алексей Иващенко, Ирена Бригналл, Адам Пава, Алан Сноу"
Вставай и бейся,"Серджио Альбелли, Катерина Мурино, Алексей Воробьёв, Бранко Джурич, Франческо Шанна, Сабина Ахмедова, Гуидо Каприно, Джакомо Гоннелла, Паоло Чиони, Камилла Боргезани, Алексей Воробьёв, Джузеппе Аваллоне, Фабрицио Калаца, Франческо Спина, Стефано Лоренци, Алексей Воробьёв, Даниэле Чипри, Рамиро Сивита, Джанфранко Пиччьоли, Козимо Савио, Надежда Горшкова, Андрей Бархударов, Татьяна Шитова, Александр Рахленко, Кирилл Сафонов, Сергей Чихачёв, Козимо Каламини, Франческо Ченни, Стефано Лоренци, Ванесса Пичарелли"
Мы не можем жить без космоса,"Валентин Васенков, Константин Бронзит, Александр Боярский, Сергей Сельянов, Константин Бронзит"
Полицейский,"Кангана Ранаут, Санджай Датт, Шраддха Капур, Эмран Хашми, Рандип Худа, Арунодай Сингх, Махеш Манджрекар, Кадер Кхан, Неха Дхупия, Рима Лагу, Джон Стюарт Эдури, Джигар, Нихарика Кхан, Шефали Гупта, Навин Шетти, Рензил Де Сильва, Дипа Бхатия, Хемант Чатурведи, Хироо Джохар, Каран Джохар, Самит Чаула, Алекс Энтони Фернандес, Милап Завери, Рензил Де Сильва"
Короче,"Борис Дергачев, Марина Васильева, Дария Гомес, Александра Кузенкина, Александр Якин, Марина Богатова, Александр Потапов, Константин Шелягин, Денис Шаблий, Наталья Торсунова, Иван Канаев, Евгения Макеева, Илья Фарфель, Дмитрий Сморчков, Иван Корольков, Полина Разина, Эдуард Илоян, Виталий Шляппо, Алексей Троцюк, Денис Жалинский, Станислав Гунько, Александр Завгородний, Василий Смолин, Сергей Лебедев"
Йоко и друзья,"Х.Д. Куинн, Кико Хауреги, Айнцане Круэйрас, Майкл Ричард Плауман, Николай Лобзов, Хуанхо Элорди, Ришат Гильметдинов, Александрия Алексашина, Андрей Галат, Алатзне Порту, Майялен Сарасуа, Хуанхо Элорди, Юрий Москвин, Елена Газало, Александр Миргородский, Андрей Янайт, Даниил Эльдаров, Елена Шульман, Алексей Войтюк, Анастасия Лапина, Эдорта Барруэтабенья, Крэйг Карлайл, П. Кевин Стрейдер, Энди Йоркис"
Тайны медовой долины,"Ирина Киреева, Иван Чабан, Александр Олешко, Вероника Тимофеева, Ольга Гапоненко, Илья Исаев, Юлия Рассомахина, Елена Соловьева, Анна Штукатурова, Марина Семяновская, Александр Биллион, Олег Костров, Игорь Бабаев, Сергей Сказкин, Анна Солдатова, Григорий Вожакин, Андрей Маяцкий, Никита Ордынский, Мария Трейман, Григорий Вожакин, Александр Карпов, Дмитрий Козлов, Юлия Осетинская, Лика Бланк, Сергей Демчев, Борис Машковцев, Дарья Донцова, Андрей Берлогов, Ксения Зайка, Александр Мышанский"
Самые. Самые. Самые,"Владимир Познер, Иван Ургант, Екатерина Чемберджи, Валерий Спирин, Владислав Черняев, Елена Быкова, Ольга Спирина"
Бык,"Юра Борисов, Стася Милославская, Афина Лукиди, Егор Кенжаметов, Александр Самсонов, Игорь Савочкин, Алексей Филимонов, Сергей Двойников, Александр Левин, Роман Колотухин, Антон Булле, Борис Акопов, Ваня Боуден, Борис Акопов, Борис Акопов, Глеб Филатов, Федор Попов, Владимир Малышев, Михаил Чечельницкий, Виктория Лещенко, Борис Акопов"
Власик. Тень Сталина,"Константин Милованов, Леван Мсхиладзе, Ольга Погодина, Александр Нехороших, Диана Максимова, Александр Новик, Оксана Земляникова, Сергей Потапов, Дмитрий Янышевский, Егор Клинаев, Алена Моссэс, Алексей Мурадов, Илья Бакеркин, Роберт Филатов, Алексей Пиманов, Алексей Алавердов, Валерия Байкеева"
Клуб «Кастет»,"Мо Данфорд, Кейт Дики, Гетин Энтони, Себастьен Фукан, Гийом Делоне, Алекс Фернс, Оливье Рихтерс, Филип Дэвис, Эми Бэйли, Джеми Уинстон, Уолтер Мэр, Сэмюэл Отис Смит, Синтия Лоуренс-Джон, Фрея Эспи, Джеймс Кермак, Крис Гилл, Наташа Уилкинсон, Пэт Олдингер, Лоран Фумерон, Даниил Горошко, Джеймс Кермак, Александр Васильев, Юлия Зоркина, Олег Фёдоров, Андрей Зайцев, Екатерина Ландо, Джеймс Кермак"
Песнь моей единственной любви,"Ли Джон-хён, Кон Сын-ён, Ли Джэ-джин, Ан Бо-хён, Ли Чхоль-мин, Ли Ён-джик, Пак Чу-хён, Чхве Джон-хун, Ким Чхэ-ын, Чин Е-джу, Мин Ду-щик, О Хван-мин, Ким Су-джин"
Некст,"Джон Слэттери, Фернанда Андраде, Майкл Мосли, Джерардо Селаско, Ив Харлоу, Аарон Мотен, Ивэн Уиттен, Лиззи Каппуччино, Джейсон Батлер Харнер, Али Ан, Шон Коллери, Йонас Фридман, Мэттью Хоран, Брендан Таррилл, Эндрю Ли, Анджела О’Салливан, Адам Аркин, Гленн Фикарра, Тим Хантер, Джон Рекуа, Кристи Шимек, Эльба Санчес-Шорт, Стивен Марк, Бретт Павлак, Кори Уолтер, Мэнни Кото, Гленн Фикарра, Чарли Гоголак, Джон Рекуа, Мэнни Кото, Николас Хоторн"
Чужие грехи,"Стивен Грэм, Нив Алгар, Хэлен Биэн, Фрэнк Лэвэрти, Марк О’Халлоран, Эшлинг Гленхолмс, Конор Макинни, Зак Хамстон, Ли Пеппер, Эва Макмахон, Пи Джей Харви, Лиз Симпсон, Энди Уотсон, Адам Хоу, Шэйн Медоуз, Мэттью Грэй, Лукас Рош, Ник Гиллеспи, Марк Херберт, Никки Солт, Шэйн Медоуз, Джек Торн"
Женщина в доме напротив девушки в окне,"Кристен Белл, Том Райли, Мэри Холлэнд, Кэмерон Бриттон, Самсара Лила Йетт, Шелли Хенниг, Бренда Ку, Майкл Или, Кристина Энтони, Бенжамин Леви Агилар, Нами Мелумад, Аманда Книэнс, Зак Фауст, Мэйл Кассара, Майкл Леманн, Тара Тимпоне, Дженнифер Ван Готем, Стефани Уиллис, Джон Линдли, Кристен Белл, Хью Дэвидсон, Ларри Дорф, Джессика Элбаум, Варвара Чабан, Александр Гаврилин, Татьяна Абрамова, Сергей Пономарёв, Виталия Корниенко, Хью Дэвидсон, Ларри Дорф, Рэйчел Рамрас"
Луис С.К.: Боже мой,"Луис С.К., Луис С.К., Луис С.К., Пол Кёстнер, Дэйв Бекки, Майк Берковитц, Блэр Бреард, Луис С.К., Луис С.К."
Все о дне святого Валентина,"Сара Рафферти, Сэмюэл Пейдж, Джереми Гилбо, Хезер Дорксен, Кимберли Састад, Бренда Кричлоу, Дэрил Шаттлворф, Беверли Эллиотт, Хилари Джардин, Энтони Болоньезе, Дэниэл Росс, Ким Гленни, Тина Фиорда, Гари Харви, Рон Ёсида, Брендан Уэгама, Харви Кан, Энн Карлуччи, Барт Фишер, Дж.Б. Уайт"
Смелость быть диким,"Эмма Гринвелл, Том Хьюз, Алекс МакКуин, Джени Ди, Кристин Мардзано, Лорна Куинн, Алаа Умузун, Майкл Хью, Джиллиан Болт, Шейнин Бреннан, Марк Келли, Консолата Бойл, Вивьенн Кроу, Ник Эмерсон, Педро Коз, Катал Уоттерс, Сара Е. Джонсон, Патриция Ламбрехт, Ребекка О’Флэнаган, Роберт Валпоул, Вивьенн Кроу"
Тёмный лес,"Маттиас Брандт, Каролина Шух, Зильке Боденбендер, Аугуст Витгенштайн, Николас Офчарек, Йенни Шилли, Хильдегард Шмаль, Ханно Коффлер, Мирко Крайбих, Андреас Луст, Мария Шикер, Габриэлла Аусонио, Юлиа Карг, Михаэль Шрайтель, Марк Конрад, Кирстен Фрехсе, Кристиан Грандерат, Джаролин Хаасис, Стефан Кольдитц"
Космический патруль Лулуко,"Мао Итимити, Дзюнъя Эноки, Тэцу Инада, Мицуо Ивата, Маюми Синтани, Кэнъитиро Суэхиро, Хироюки Имаиси, Хироюки Имаиси"
Медсестра,"Фанни Бернт, Жозефин Парк, Петер Зандерсен, Дик Кайсё, Амалия Линдегард, София Кукич, Стайн Шрёдер Дженсен, Йеппе Кос, Джеспер Клаузен, Сусси Бьорнвад, Каспер Барфоэд, Анна Хайди, Бенжамин Биндеруп, Томас Гисласон, Элин Прёйтс, Томас Уайлднер, Мортен Кьемс Юль, Каспер Барфоэд, Дорт Хёг, Джейкоб Кац, Томас Порсагер"
Вы мне подходите,"Елена Великанова, Юлия Галкина, Екатерина Копанова, Виолетта Давыдовская, Михаил Пшеничный, Владимир Фекленко, Алексей Демидов, Александр Пацевич, Ольга Прокофьева, Артём Осипов, Андрей Климинов, Игорь Бабаев, Николай Романов, Александер Тремейн, Владимир Устюгов, Андрей Вавиленков, Ирина Смирнова-Бейнарович, Тамара Лисицкая"
Четверо в кубе,"Диомид Виноградов, Ксения Мальцева, Александр Гудков, Евгений Головин, Юлия Авшарова, Даниил Эльдаров, Иван Калинин, Александр Биллион, Дмитрий Лазарев, Полина Грекова, Алексей Миронов, Алексей Штыхин, Дмитрий Медников, Татьяна Цыварева, Евгений Головин, Антон Сметанкин, Евгений Головин, Олег Козырев, Мария Парфёнова, Наталья Тихомирова"
На взводе: Битва за Uber,"Джозеф Гордон-Левитт, Кайл Чандлер, Керри Бише, Ума Турман, Бабак Тафти, Джон Басс, Сонни Валиченти, Квентин Тарантино, Муса Крэйиш, Даррен Петти, Брендан Анджелидес, Кэролин Кинг, Донна Дж. Хэттин, Джон Дал, Зетна Фуэнтес, Дэниэл Грэй Лонгино, Аллен Култер, Тодд Дерозье, Даг Абель, Дэна Конгдон, Марни Мейер, Джим Фрона, Тревор Форрест, Джим Уайтакер, Сафиа Дирие, Майк Харроп, Стивен Шифф, Бет Шактер, Брайан Коппельман, Дэвид Левин, Сара Акоста, Сафиа Дирие"
Красавица-воин Вечная Сейлор Мун. Фильм 2,"Мисато Фукуэн, Котоно Мицуиси, Юкиё Фудзии, Сидзука Ито, Хисако Канэмото, Ами Косимидзу, Аи Маэда, Рина Сато, Саяка Охара, Акико Косака, Кадзуко Тадано, Осаму Ии, Тиаки Кон, Кэйко Онодэра, Такаси Янагида, Хидэхару Гоми, Рука Танака, Кадзуюки Фудэясу, Наоко Такэути"
Последствия,"Тимон Стурбей, Росана Хрибар, Деян Спасич, Матьяж Пикало, Дарко Станте, Рок Бичек, Дарко Станте"
Обнажённый режиссёр,"Такаюки Ямада, Синносукэ Мицусима, Тэцудзи Тамаяма, Мисато Морита, Токио Эмото, Саири Ито, Ами Томитэ, Рири Фрэнки, Дзюн Кунимура, Такэнори Гото, Таисэй Ивасаки, Кумико Огава, Кадзуаки Хосида, Дзёдзи Такэхара, Масахару Такэ, Хаято Каваи, Котаро Гото, Эидзи Утида, Дзэнсукэ Хори, Юрико Хосоно, Наоитиро Сагара, Хидэо Ямамото, Сёдзи Эхара, Кадзутака Сакамото, Хироюки Акунэ, Таро Гото, Ясухито Татибана, Ёситацу Ямада, Косукэ Ниси, Идзуми Кавасаки, Кадзухиса Котэра"
Софи. Жизнь с чистого листа,"Лис Виссхедейк, Федя ван Хейт, Аннеке Блок, Элиз Шаап, Дик ван ден Торн, Рос Дикманн, Барбара Слусен, Брент Шомейкер, Ниек Шомейкер, Дэн Кэрэти, Джеффри ван Россум, Санне ван дер Хувен, Энн де Клерк, Франк Кром, Питер ван Рийн, Андре ван Дюрен, Годелинде Полманн, Юрриан ван Нимвеген, Джуст Риетдийк, Хильде Де Лаере, Ханнеке Нинс, Рэйчел ван Боммел, Ганс де Вульф, Анна Пауэлс, Эдвард Стелдер, Нинке Рёмер, Юдит Гаудсмит"
Бал безумных женщин,"Лу де Лааж, Мелани Лоран, Эмманюэль Берко, Бенжамен Вуазен, Седрик Кан, Кристоф Монтене, Корали Руссье, Алис Барноль, Лорена Телье, Майра Рамедан Леви, Мелани Лоран, Анни Данш, Николас Каракатсанис, Ален Голдман, Эксел Декис, Фабрис Ламбо, Кристоф Деланде, Мелани Лоран"
Казнить нельзя помиловать,"Мария Кожевникова, Дмитрий Астрахан, Дмитрий Паламарчук, Максим Меркулов, Кирилл Рубцов, Александра Серебрякова, Роман Притула, Игорь Грабузов, Евгений Добряков, Александр Глебов, Максим Кошеваров, Александр Маев, Татьяна Баранова, Ким Дружинин, Виталий Виноградов, Валерий Мюльгаут, Инесса Юрченко, Сергей Щеглов, Андрей Тумаркин, Богдан Дробязко"
Свиной рамэн из Хакаты,"Даисукэ Оно, Юки Кадзи, Нацуми Фудзивара, Кэнсё Оно, Нобунага Симадзаки, Такэхито Коясу, Ацуси Имаруока, Сёта Ямамото, Даисукэ Намикава, Такая Курода, Кэндзи Ясуда, Сёго Ясукава"
Приятные хлопоты,"Сьерра Рамирес, Зури Аделе, Шерри Кола, Эмма Хантон, Томми Мартинес, Джошуа Пенс, Майя Митчелл, Анастасия Лофгрен, Т.Дж. Линнард, Шери ДеЯнг, Аманда Делорес Патриция Джонс, Майкл Брук, Марк Ханстэбл, Керстен Ларсен, Крэйг Келлер, Питер Пейдж, Брэд Бредевег, Тройэн Эвери Беллисарио, Майкл Медико, Адам К. Тиллер, Дебра Вайнштейн, Шэрон Силверман, Марко Фарноли, Патрик Россо, Фрэнк Баррера, Элейн Голдсмит-Томас, Грег Гульотта, Дженнифер Лопес, Брэд Бредевег, Питер Пейдж, Вэйд Соломон"
Шторм,"Александр Робак, Максим Лагашкин, Анна Михалкова, Анна Котова, Геннадий Смирнов, Илья Борисов, Дмитрий Лысенков, Дарья Жовнер, Сергей Уманов, Валерий Дьяченко, Дмитрий Емельянов, Алана Снеткова, Борис Хлебников, Иван Лебедев, Алишер Хамидходжаев, Рубен Дишдишян, Эдуард Илоян, Денис Жалинский, Виталий Шляппо, Наталия Мещанинова, Степан Девонин, Илья Тилькин"
Провинциалка,"Антонина Комиссарова, Павел Адамчиков, Алексей Коряков, Андрей Карако, Александра Гайдук, Яна Шивкова, Николай Рыбчин, Александр Гусев, Александр Абрамович, Антон Старовойтов, Игорь Щербаков, Александр Кананович, Игорь Буряк, Александр Кушаев, Владимир Игнатьев, Юлия Ерешко, Евгений Арендаревич, Дмитрий Воронков"
Порт,"Роман Маякин, Вильма Кутавичюте, Наталья Швец, Дарья Мингазетдинова, Сергей Козик, Михаил Тройник, Виталия Корниенко, Евгений Зайфрид, Валерия Репина, Дмитрий Смирнов, Руслан Муратов, Полина Петелина, Нурбек Эген, Алексей Волнов, Мария Соловьева, Александр Цекало, Иван Самохвалов, Александра Ремизова, Петр Шахлевич, Александр Гаррос, Анна Старобинец, Родион Белецкий, Александр Матвеев"
Казнь,"Нико Тавадзе, Евгений Ткачук, Юлия Снигирь, Виктория Толстоганова, Даниил Спиваковский, Аглая Тарасова, Иван Мулин, Ольга Лапшина, Агриппина Стеклова, Дмитрий Гизбрехт, Кирилл Рихтер, Анна Кудевич, Ладо Кватания, Владислав Якунин, Денис Фирстов, Илья Стюарт, Мурад Османн, Павел Буря, Илья Джинчарадзе, Ольга Городецкая, Ладо Кватания"
Лишь ты,"Аарон Янь, Пафф Го, Кэтерин Ванг, Цзюнь Юн Линь, Ци Вэнь Се, Гари Тан, Дин Фудзиока, Линь Юйпинь, Ю Ланг Чи, Кэ Чун Хуэй, Антонио Перес, Линь Юйтан, Чэнь Пичэнь, Чэнь Пичэнь, Ли Цзеюй"
Жить дальше,"Мария Машкова, Кирилл Кяро, Сергей Угрюмов, Юрий Батурин, Ирина Купченко, Наталья Щукина, Елена Шевченко, Сергей Чудаков, Владимир Епифанцев, Анастасия Веденская, Роман Дормидошин, Нурбек Эген, Алексей Волнов, Дмитрий Ермаков, Юрий Сапронов, Авдей Кирьянов, Наталья Лазарева, Регина Петрова, Ирина Ревякина, Серик Бейсеу"
Комментатор,"Кайл Уолтерс, Джейсон Тобиаш, Джон Мэйси, Грэйс Босли, Андреа Андерсон, Джонни Дэй, Марвин Эметом, Роберт Бриско Эванс, Мэттью Джеймс Хартли, Питер Холт, Сергей Штерн, Йорхуаль Грегори Варгас, Крис Дескинс, Юлия Трофимова, Мондж, Егор Поволоцкий, Ксения Ёрш, Джеймс Баррон"
Господа-товарищи,"Александр Домогаров, Елизавета Нилова, Вячеслав Крикунов, Сергей Сосновский, Фёдор Лавров, Виктор Низовой, Анна Казючиц, Сергей Угрюмов, Никита Прозоровский, Иван Агапов, Вячеслав Одаховский, Василий Сериков, Всеволод Аравин, Алексей Рудаков, Степан Коваленко, Димитрий Масс, Ольга Манеева, Илья Макаров, Елена Метликина, Алексей Каранович, Светослав Пелишенко, Игорь Осипов"
Мой ужасный сосед,"Том Хэнкс, Мариана Тревиньо, Рэйчел Келлер, Мануэль Рульфо, Кэмерон Бриттон, Хуанита Дженнингс, Питер Лосон Джонс, Майк Бирбилья, Джон Хиггинс, Труман Хэнкс, Томас Ньюман, Майкл Мэнсон, Фрэнк Л. Флеминг, Лаура Голдсмит, Джессика Андерсон, Фрэнк Гэллин, Майкл Дж. Амато, Марк Форстер, Мэтт Шесс, Маттиас Кёнигсвизер, Неда Бакман, Селия Д. Костас, Дайян Дрейер, Марк Форстер, Станислав Концевич, Лилия Касаткина, Ксения Кузнецова, Илья Шилкин, Рауф Хабибуллин, Ханнес Холм, Дэвид Маги, Фредрик Бакман"
Наследие,"Ксения Лаврова-Глинка, Артурс Скрастыньш, Андрей Шарков, Михаил Евланов, Дарья Барабанова, Александр Ратников, Алина Сергеева, Владимир Мишуков, Тимофей Трибунцев, Андрюс Паулавичюс, Сергей Дудаков, Александр Касаткин, Ольга Прошкина, Руслан Герасименков, Александр Бондарев, Марина Петренко, Татьяна Венгерова, Роман Пленкин, Наталья Назарова, Екатерина Попова, Олег Сироткин, Дмитрий Раевский"
Паладин издалека,"Маки Кавасэ, Кацуюки Конъиси, Нобуо Тобита, Юи Хориэ, Юу Нобута"
Ужасное кино: Краткая история российского трэш-хоррор кинематографа,"Павел Фоминенко, Виктор Мурзиков, Алексей Пантелеев, Сергей Лесников, Андрей Семизаров, Максим Полтавченко, Дмитрий Радионов, Максим Полтавченко, Максим Полтавченко, Максим Полтавченко, Андрей Семизаров, Максим Полтавченко"
Ты против природы,"Беар Гриллс, Девин Пауэрс, Бен Симс, Дрю Бакли, Крис Грант, Беар Гриллс, Беар Гриллс, Делберт Шупман"
Авангард. Возвращение,"Владимир Познер, Дарья Спивак, Катя Труба, Александр Чумаченко, Артем Якунин, Тигран Давтян, Сергей Амирджанов, Илья Собинов, Илья Комаров, Дарья Спивак, Виктория Лупик"
Украденная личность,"Чхон У-хи, Им Щи-ван, Ким Хи-вон, Ким Е-вон, Пак Хо-сан, О Хён-гён, Чон Джин-о, Чон Ин-нён, Ким Джу-рён, Ли Джон-ын, Хо Джун-хёк, Дальпаран, Ли Нэ-гён, Щин Джи-ён, Ким Тхэ-джун, Щин Мин-гён, Ким Ён-сон, Со Джон-хэ, Ли Вон-хэн, Ким Тхэ-джун, Акира Сига"
Тайна семьи монстров,"Джонни Роуз, Кэти Ли, Фиона Хардингэм, Дженифер Бет Каплан, Майкл Роблз, Джои Камен, Уолли Вингерт, Чак Куруклис, Луис Дэниэл Рамирес Сантьяго, Нэнси Салливан, Кевин Смитерс, Леопольдо Агилар, Рен Фонтейн, Лусиана Хауффред Горостиса, Мигель Ороско Миранда, Франсиско Херрера Каррильо, Фернандо Де Фуэнтес, Вишал Дуджа, Хосе С. Гарсиа де Летона, Шрикант Поттекула, Даниил Эльдаров, Билли Фролик, Алисия Нуньес Пуэрто"
Воспоминания,"Хью Джекман, Ребекка Фергюсон, Тандиве Ньютон, Клифф Кёртис, Марина Де Тавира, Дэниэл У, Моджиан Ариа, Бретт Каллен, Натали Мартинес, Анджела Сарафян, Рамин Джавади, Мэттью Гэтлин, Скотт Плоше, Дженнифер Старзик, Леонард Р. Спирс, Лиза Джой, Марк Ёсикава, Пол Кэмерон, Майкл Де Лука, Элишиа Холмс, Лиза Джой, Александр Рахленко, Ирина Киреева, Мария Фортунатова, Александр Матвеев, Анастасия Лапина, Лиза Джой"
Кольца мира,"Виктор Ан, Колин Маттель, Йоррит Бергсма, Дэвид Моррис, Пер Мортс, Майк Бэбкок, Евгений Плющенко, Татьяна Волосожар, Юрий Подладчиков, Павел Дацюк, Илья Демуцкий, Сергей Мирошниченко, Артур Анаян, Павел Лапшин, Дмитрий Семибратов, Юрий Ермолин, Вячеслав Сачков, Александр Филиппов, Дмитрий Миненков, Сергей Мирошниченко, Ольга Кучменко, Григорий Либергал, Сергей Мирошниченко, София Гевейлер"
Аркадий Паровозов спешит на помощь. Безопасность дома,
Алиса: Волнение,"Антон Батагов, Андрей Феськов, Алиса Фрейндлих, Элеонора Курринен, Катажина Левинска, Антон Батагов, Денис Клеблеев, Юлия Баталова, Даша Данилова, Денис Клеблеев, Денис Клеблеев, Тельман Акавов, Никита Владимиров, Алла Нюквист, Сергей Васильев, Денис Клеблеев, Никита Владимиров"
Минимализм. Сейчас — время меньшего,"Джошуа Филдс Милберн, Райан Никодемус, Дэйв Рэмси, Денэй Барахона, Т.К. Коулмэн, Энни Леонард, Эрвин Рафаэль МакМанус, Робби Джин Эрботт, Тэмми Бантан, Эшли Боддорф, Хиллари Мэзени, Хосе Родригес, Мэтт Д’Авелла, Мэтт Д’Авелла, Мэтт Д’Авелла, Конрад Головац, Крис Ньюхард, Тим Фрэзиер, Джейкоб Мэттью, Шон Кристофер Хардинг"
Мир задолжал мне первую любовь,"Бай Лу, Син Чжаолинь, Чэнь Хаолань, Фу Бохань, Чжоу Сяоли, Ди Цзылу, Чэнь Шии"
Групповая агрессия,"Венсан Кассель, Алексис Маненти, Кентан Форе, Мари Шевало, Саид Беншнафа, Седрик Дюто, Нассим Бутели, Аймен Саиди, Карим Букерша, Бенуа Солер, Чарльз Антониоз, Мурад Белькеддар, Жан Дюамель, Николас Лермитт, Карим Букерша"
Не думай дважды,"Гиллиан Джейкобс, Майк Бирбилья, Кейт Микуччи, Тами Сэгер, Кигэн-Майкл Ки, Эмили Скеггс, Крис Гезерд, Брэндон Скотт Джонс, Сунита Мани, Сондра Джеймс, Роджер Нилл, Майлз Майкл, Кариса Келли, Оливия Пиблз, Майк Бирбилья, Джеффри Ричман, Джо Андерсон, Ира Гласс, Миранда Бэйли, Сет Барриш, Джейсон Бек, Майк Бирбилья"
Вернуться в 1994,"Ко А-ра, Чон У, Ю Ён-сок, Чха Сон-у, Ким Сон-гюн, Ли Иль-хва, Мин До-хи, Сон Хо-джун, Сон Дон-иль, Юн Джон-хун, Щин Вон-хо, Ли У-джон, Чон Бо-хун"
Пожалеете!,"Робин Бойссевайн, Дорус Уитти, Стефан Колье, Нильс Веркоохен, Рик ван Элк, Херман Виткам, Ингрид Бланкендал, Дэйв Шрам, Робин Де Йонг, Эрвин Стин, Мария Петерс, Ханс Пос, Дэйв Шрам, Мария Петерс, Кэрри Сли, Дик ван ден Хювел"
Открытый диапазон,"Лаури Лэгл, Яаника Арум, Лаура Петерсон, Пеэтер Волконски, Роман Баскин, Рита Рааве, Меелис Ряммельд, Яан Ууспыльд, Вейко Ыунпуу, Лиис Нимик, Март Таниэль, Катрин Кисса, Вейко Ыунпуу"
Цветочки после ягодок,"Тонтаван Тантивеякул, Вачиравит Чивари, Йирават Сутиванисак, Метавин Опас-иамкайорн, Хирункит Чангкхам, Синди Сириня Бишоп, Мария Пунлертларп, Чаникарн Тангабоди, Йонгвари Анибол, Нити Чайчитаторн, Атича Тантханавиграй, Патха Тхонгпан, Вирапат Тембундит, Праметт Чанкрассе, Вонгваттана Чунхавуттиянон, Супават Моракотампорн, Тхачай Комолпетч, Сутхасини Бусарапхан, Рафах Дамронгчайтхам, Нипхон Пхионен, Сомсри Пруйттхипхан, Ванипан Оунпхокланг, Суванун Похгудсай, Атича Тантханавиграй, Ярини Тханомят"
Моя психоделическая история любви,"Тимоти Лири, Джоанна Харкорт-Смит, Пол Леонард-Морган, Карл Спрэг, Дженнифер Энджел, Эррол Моррис, Стивен Хэтэуэй, Игорь Мартинович, Роберт Фернандез, Стивен Хэтэуэй, Эррол Моррис, Джоанна Харкорт-Смит"
Слушая Бетховена,"Гарри Бардин, Илья Трафимцев, Сергей Анашкин, Гарри Бардин"
Тряпичный союз,"Иван Янковский, Александр Паль, Василий Буткевич, Павел Чинарёв, Анастасия Пронина, Фёдор Лавров, Елена Нестерова, Владислав Ветров, Кирилл Кяро, Андрей Крыжний, Кирилл Белоруссов, Ульяна Полянская, Михаил Местецкий, Тимофей Парщиков, Роман Борисевич, Александр Кушаев, Михаил Местецкий"
Идеальное оружие,"Сет Роген, Гари Лионелли, Джон Маджио, Сет Бомси, Бретт Уайли, Джош Тиранджил, Джон Маджио, Дэвид Сэнгер"
Ясновидец 3: Это Гас,"Джеймс Родэй, Дьюли Хилл, Тимоти Омандсон, Мэгги Лоусон, Керстен Нельсон, Жасмин Саймон, Корбин Бернсен, Аллен Мальдонадо, Курт Фуллер, Курт Смит, Адам Коэн, Джон Роберт Вуд, Мишель Хантер, Стив Фрэнкс, Ибрагим Хамдан, Дэвид Крэбтри, Скотт Уильямс, Стив Фрэнкс, Крис Хенце, Дьюли Хилл, Джеймс Родэй, Илья Хвостиков, Андрей Бархударов, Антон Морозов, Екатерина Кабашова, Ольга Зубкова, Джеймс Родэй, Стив Фрэнкс"
Когда приходит любовь,"Тесани Гров, Чунь Инь Лоу, Питер Денман, Питчаторн Сантинаторнкул, Тхиппатай Пиромпак, Напхат Гровс, Чайват Ситласай, Напхат Гровс, Пакин Маливан, Марк Бут, Танварин Суккхаписит"
Глория Белл,"Джулианна Мур, Джон Туртурро, Карен Писториус, Майкл Сера, Брэд Гэррет, Холланд Тейлор, Джинн Трипплхорн, Рита Уилсон, Крис Малки, Касси Томсон, Мэтью Херберт, Шэннон Уолш, Стэйси Баттат, Дианна Фрис, Себастьян Лелио, Соледад Сальфате, Наташа Брайер, Хуан де Диос Ларраин, Пабло Ларраин, Себастьян Лелио, Марк Левинсон, Элис Джонсон, Себастьян Лелио, Гонсало Маса"
Колокол и флейта,"Андрей Плотников, Наталья Горбатовская, Май Майоров, Денис Шульгин, Дмитрий Майоров, Дмитрий Майоров, Сергей Левин, Дмитрий Куповых, Дмитрий Майоров, Илья Замешаев, Дмитрий Майоров"
Президент,"Владимир Соловьёв, Дмитрий Полонский, Сергей Степашин, Захар Прилепин, Мадлен Олбрайт, Сергей Иванов, Дмитрий Козак, Герман Греф, Алексей Миллер, Алексей Кудрин, Саида Медведева, Вадим Черноштан, Андрей Гарянин, Дмитрий Могилевский, Антон Златопольский, Саида Медведева, Юлианна Медведева, Мария Стрелкова, Михаил Черваков, Татьяна Саломадина"
Украденная любовь,"Мурило Бенисио, Патрисия Пиллар, Кауа Реймонд, Изис Вальверде, Осмар Прадо, Дира Паис, Антонио Фабио, Тиери Треморош, Клаудио Жаборанди, Эдуардо Куэйроз, Хосе Луис Вильямарим, Фабио Жордао, Куито Рибейро, Валтер Карвалью, Ана Габриела, Флавио Араужо, Тереза Фрота, Серджио Голденберг, Джордж Мора"
Красота внутри,"Хан Хё-джу, Ким Дэ-мён, Пак Щин-хе, Ли Бом-су, Пак Со-джун, То Джи-хан, Чхон У-хи, Со Ган-джун, Ким Хи-вон, Сон Сон-чхан, Чо Ён-ук, Ан Джи-хён, Пэк Чон-ёль, Ян Джин-мо, Ким Тхэ-гён, Сид Лим, Ким У-тхэк, Пак Чон-е"
По следу зверя,"Эдуард Флёров, Илья Древнов, Антон Егоров, Константин Быков, Юлия Тельпухова, Евгения Туркова, Юрий Грубник, Андрей Арзяев, Ольга Шеховцова, Александр Герасимов, Алексей Шелыгин, Светлана Разгуляева, Олег Курамшин, Павел Богатыренко, Сергей Юдаев, Ефим Любинский, Михаил Россолько, Евгения Романова, Игорь Зотов, Валерия Подорожнова"
Султан,"Салман Кхан, Анушка Шарма, Рандип Худа, Амит Садх, Кумуд Мишра, Маррезе Крамп, Парикшит Сахни, Тайрон Вудли, Рон Смуренбург, Брахим Чаб, Джулиус Пакьям, Сантош Коткар, Али Аббас Зафар, Рамешвар С. Бхагат, Артур Журавски, Адитья Чопра, Судханшу Кумар, Али Аббас Зафар"
Дворняжка Ляля,"Александр Попов, Ада Роговцева, Константин Данилюк, Надежда Костюк, Оксана Жданова, Дмитрий Лаленков, Оксана Сташенко, Федор Гуринец, Василий Мазур, Светлана Зельбет, Эдуард Приступа, Дмитрий Гольдман, Екатерина Некрасова, Александр Сальников, Валерий Рожко, Сергей Никифоров, Константин Овчаренко, Сергей Крутько, Татьяна Гнедаш, Александра Ткаченко, Татьяна Гнедаш, Юлия Васильева, Дарья Рудоквас, Елена Писларий"
А ещё ты урод,"Лорен Кинселла, Эйдан Гиллен, Ниам Шоу, Симус Моран, Джиллиан Сэйкер, Аарон Кинселла, Шэйн Данфи, Дэвид Джерати, Марк Нунан, Колин Кэмпбелл, Том Камерфорд, Конор Бэрри, Джон Кевилл, Кит Поттер, Бенуа Роланд, Марк Нунан"
Снова мы,"Пинар Топрак, Зак Пэрриш, Джесси Аверна, Чарлин Го, Дженнифер Ли, Брэд Симонсен, Зак Пэрриш"
Система,"Кирилл Русин, Артём Болотовский, Татьяна Андреева, Василий Коковин, Андрей Межулис, Анатолий Анищенко, Ольга Герчакова, Майя Вознесенская, Дарья Щербакова, Анжелика Печка, Алёна Еремичева, Ирина Гурьянова, Эдвин Варде, Оксана Барковская, Оксана Барковская, Ирина Гурьянова"
Когда прилетают черные птицы,"Дж.Д. Браун, Брэндон Слэгл, Деванни Пинн, Дэвид Фёрт, Руби ЛаРокка, Эрин Русс, Адам Брукс, Мэд Дэшил, Роджер Фишер, Уильям Хеллфайр, Мануш, Шон Мюррэй, Эрика Смит, М. Дот Стрэйндж, Сара Валентайн, Джимми Кример, М. Дот Стрэйндж, Джимми Кример, Джимми Кример, Руби ЛаРокка, Джимми Кример, Джимми Кример"
Дуэлянт,"Пётр Фёдоров, Владимир Машков, Юлия Хлынина, Франциска Петри, Мартин Вуттке, Сергей Гармаш, Павел Табаков, Юрий Колокольников, Александр Яценко, Юрий Кузнецов, Игорь Вдовин, Татьяна Патрахальцева, Николай Рябцев, Алексей Мизгирёв, Игорь Литонинский, Максим Осадчий, Александр Роднянский, Сергей Мелькумов, Глеб Фетисов, Наталия Горина, Алексей Мизгирёв"
Мстители: Финал,"Роберт Дауни-младший, Крис Эванс, Марк Руффало, Крис Хемсворт, Скарлетт Йоханссон, Джереми Реннер, Дон Чидл, Пол Радд, Бри Ларсон, Карен Гиллан, Данай Гурира, Бенедикт Вонг, Джон Фавро, Брэдли Купер, Гвинет Пэлтроу, Джош Бролин"
Шерлок Холмс,"Роберт Дауни-младший, Джуд Лоу, Рэйчел Макадамс, Марк Стронг, Ханс Мэтисон, Джеймс Фокс, Уильям Хоуп, Эдди Марсан, Келли Райлли, Джеральдин Джеймс, Робер Майе"
"Шерлок в России","Максим Матвеев, Владимир Мишуков, Ирина Старшенбаум, Павел Майков, Евгений Дятлов, Константин Богомолов, Константин Юшкевич, Дмитрий Ломакин, Виктор Цекало, Юрий Уткин, Оксана Базилевич, Петр Терещенко, Мария Антонова, Дмитрий Новиков, Сергей Четвертков, Анна Санникова, Евгений Санников, Александр Аверин, Дмитрий Лиманов, Полина Долиндо, Артём Драчёв, Евгений Михайлусов, Ирина Варламова, Никита Кологривый, Павел Федоров, Егор Келли, Владимир Лысенко, Кирилл Букин, Александр Пилюшин, Евгений Антонов, Анастасия Грачёва, Анастасия Евланова, Демьян Олечкин, Анна Завтур, Арсений Дремов, Кирилл Гордлеев, Евгения Манджиева, Фёдор Федотов, Евгений Романцов, Хельга Филиппова, Полина Маликова, Виталий Коваленко, Александра Дроздова, Федор Писаренков, Олег Попов, Полина Воробьева, Никита Кормилец, Борис Хасанов, Сергей Мардарь, Валерий Кухарешин"
"Неудержимый","Гун Цзюнь, A-Moon, Лян Сюэфэн, Ли Цяодань, Сюй Хэни, Чэнь Сюнь"
"Мама будет против","Сергей Ершов, Роман Постовалов, Дмитрий Брекоткин, Ксения Корнева, Михаил Тарабукин, Ярослав Бородин, Александр Волхонский, Анна Усольцева, Павел Пепелев, Ирина Ермолова, Евгений Мичков, Ева Поличинская, Демид Иванов, Лиана Яфарова, Платон Игнатов, Роллан Самсонов, Алексей Шестаков, Анастасия Колосей, Михаил Моторнюк, Илья Ермоленко, Арсений Саенко, Иван Юзеев, Александр Михайлов, Ирина Граховская, Влада Паршукова, Максим Граховский, Вера Санникова, Дмитрий Ялунин, Эвелина Блёданс, Андрей Рожков, Илана Дылдина, Артём Герц, Сергей Лугин, Антон Медведев, Андрей Свиридов, Юрий Овчинников, Вячеслав Мясников, Тимофей Попович"
"Красная Поляна","Рината Тимербаева, Николай Фоменко, Владислав Ценёв, Максим Лагашкин, Риналь Мухаметов, Снежана Самохина, Екатерина Стулова, Павел Чинарёв, Матвей Лыков, Николай Шрайбер, Виктория Богатырёва, Полина Давыдова, Данило Никитович, Алика Смехова, Сергей Калашников, Мирослав Душенко, Дмитрий Круглов, Аюб Цингиев, Юлия Степаненко, Олег Селиверстов, Евгений Петров, Виталий Свириденко, Борис Мягков, Самвел Джалалян, Антон Ушаков, Сергей Белов, Артем Федотов, Александра Велескевич, Юлия Серина, Виталий Яковлев, Марко Динелли, Наталья Лански, Дамир Миркамилов, Ксения Непотребная, Олег Шустов, Владислав Гуров, Николай Ежевский, Ксения Мери, Алексей Кондрашов, Дина Губайдуллина, Руслан Асанов, Зоя Зиновьева, Алена Богуславская, Ариана Прыгунова, Дарья Коваленко, Виктория Храмова, Алексей Игнатьев, Сергей Рублев, Олег Якобчак, Олег Сурнов"
"Королева и завоеватель","Эммануэль Эспарса, Мануэль Наварро, Альваро Бенет, Алехандро Родригез, Луис Меса, Вольфрамио Синуэ, Майа Ландабуру, Мерседес Саласар, Алехандро Муньос, Фернандо Кампо, Куике Санмартин, Иления Антонина, Эдуардо Перес, Хаиро Камарго, Норма Нивия, Кепа Амучастеги, Эдуардо Эрнандес, Жан Карло Мендоса, Марта Осорио, Камило Хименес Варон, Рамон Сан Роман, Карлос Каху, Джон Алекс Кастильо, Фелипе Муньос, Мауро Донетти, Ароа Афес Наварро, Аделаида Бускато, Диего Рестрепо, Элла Бесерра, Кристина Уорнер, Херардо Самора"
"Завивка","Алексис Леггетт, Кейли Джо Келлер, Кира МакЛин, Патриша Аркетт, Рэйн Уилсон, Брайан Бремер, Жаклин Джонс, Дженна Бристер, Роберт Шеперд, Эйдан Фиске, Эбби Уатен, Джонатан Ньюпорт, Майкл Грин, Кэнди Дэннис, Шон Д. Раме, Марк Скарборо, Дж. Брэд Уотсон, Нина Миллин, Грэй Гаррет, Девин Альберт, Челси Ларен, Ким Чик, Крис Кондетти, Пол Д’Илайа, Эбигейл Федорович, Лукас Н. Холл, Джон Генри, Рэймонд Х. Джонсон, Гриффин Литтлс, Кэссиди Слотер, Чак Табер"
"������� ���� ������","��� �����, ��� �����, ��������� ���, ������� �����, ������� ��������, ��� ������, ������ ����, ������ �����, �������� �����, ��� ����, ����� ������, ������ ����, ������� �����, ������ ��������, ����� ����, ����� ����, ���� ������, ������� ��������, ���� ����, ������� �������, ��� ������, ��. ������� �������, ������ ������ ��������, ����� ��, ��� �����, ����� �������� �������, ���� ������, ������ �����, ���� ����, ������� �����, ������ �. �������, ��� ������"
"*** ������ �� ����� �����","������� �����, ����� ���, ���� �����, ����� ���������, ������ ���, ���� ��������"
"�����: ׸���� � �����","������� �����, ��� ��������, ����-���� ������, ����� ��������, ���� �������, ����� �������, ������ ���, ����� ������, ������� ������, ��� �����, ��� ����, ������ ��, ��� ������, ����� ������, ���� �������, ����� �����, ������� ������, ���� Β���, ��� ��������� ������, ����� �����, ������ ������, ������ �������, ������� �. ���, ������� �������, ���� ������, ����� ������, ������ ����� �����, ������ ������, �������� ����� �����, ����� ������, ��� ������, ���� ���� ������, ����� ����, ���� ������, ���� ����� ������, ������ �����, ���� �����, ������� �������, ����� ����������, ������� �����, ������ ������, ����� �����"
"������ � ���� �����","��� �������, ���� �����, ����� ����, ����� ����, ����-����� �������, ������ ������, ���� �����, ������ ����, ��� ������, ������ ������, ������� �����-����, ����� ���, ������ ����, ����� ���, ������ ��������, ������ ����, ���� ��� �������, ��� �������, ����� �������, ������ ������, ��������� ���, ����� ������, ������� ��������, ��� �������, �������� �����, ��� ��, ������ �������, ����� ���, ��������� ������, �������� �������"
"������ � 8: ������ ���������","����� ���������, ������ ����, ����� ���������, �� ������, ��� ���, ����� ��������, ������� ������, ���� �����, ����� �����, ����� ����, ������� �������, ������� �����"
"���������������-���������","����� ������, ����� �����, ��� �������, ������ ����������, �������� ����������, ��� ��������, ������� ��������, ������ ������, ��� ��������"
"� ����� � �������","����� �����, ��� �������, ���� �����, ���� ��������, ������ �����, ��� �. ��������, ����� �����, ���� �������, ���� ������, ��� �����, ����� �������, ����� �������, ���� ���� �������, ���� ����, ����� �����, ���� ������������, ������� �������, ��� �����, �����-����� ��, ���� �������, ���� �������, ����� ����, ����� ������, ����� ���, ���������� ������, ����� ��������, ����� �����, ������� �������, ������ ����, ������� ������, ���� ���������, ���� �����, ��� ������, ������ �����, ������� �������, ����� �������, ����� ������, ��� ��������, ����� ���������, ����� ����, ���� ��������, ������ �������, ������� ���������, ����� ����, ��� ����, ����� �������, ������� �������"
"Феррари","Адам Драйвер, Пенелопа Крус, Шейлин Вудли, Габриел Леони, Джек О’Коннелл, Патрик Демпси, Микеле Савойя, Эрик Хауген, Бен Коллинз, Сара Гадон, Алессандро Кремона, Доменико Фортунато, Джузеппе Бонифати, Франка Абатеджованни, Валентина Белле, Лучиано Миле, Даниэла Пиперно, Джанфилиппо Грассо, Андреа Бруски, Андреа Доленте, Андреа Фьорилло, Марк Жене, Джонатан Бурто, Сэмюэл Хубинетт, Уайатт Карнел, Бретт Смрз, Лино Муселла, Томмазо Паолуччи, Алессио Чиони, Бьяджо Карузо, Маурицио Кардильо, Элис Занини"
"Закрытый сезон","Дарья Урсуляк, Кирилл Гребенщиков, Петр Баранчеев, Максим Битюков, Нелли Уварова, Марина Доможирова, Юлия Яблонская, Дарья Шевчук, Михаил Липкин, Артём Божутин, Андрей Мартынов, Артём Осипов, Зураб Миминошвили, Тимур Базинский, Сергей Козик, Елена Оболенская, Артём Мельничук, Дмитрий Янышевский, Олег Руденко-Травин, Антон Навроцкий, Ева Аулин, Евгений Чернорай, Роман Рыбин, Юрий Пимкин, Владимир Малинин, Анастасия Нагорняк, Надежда Бикмурзина, Надежда Шумилова, Юлия Слепнева, Евгений Солдатов, Жанна Величко, Ирина Чипиженко, Валерий Александрин"
"Отмороженные","Ян Цапник, Влад Коноплёв, Светлана Иванова, Денис Васильев, Савелий Наумов, Ярослав Заргаров, Эмилия Спивак, Даниил Спиваковский, Виктория Агалакова, Кирилл Полухин, Иван Агапов, Фёдор Лавров, Нонна Гришаева, Анна Екатерининская, Сергей Нечипоренко, Олег Малафеев, Евгений Пуцыло, Елена Анисимова, Нина Литвинова, Ирина Гришина, Николай Тарасюк, Кирилл Волин, Елена Ветрова, Яна Денискина, Александр Мазаев, Давид Алавердян, Александр Пустовалов, Олеся Брежнева, Денис Пропалов, Мария Вольпе, Денис Бондарков, Алексей Краснёнков, Дмитрий Ячевский, Карен Арутюнов, Вадим Першин, Валерий Борисов, Никита Подскопный, Сергей Ершов, Мирон Ким, Глеб Давыдов, Игорь Дзюба, Денис Денисов, Иван Рукша, Наталия Потапова, Иван Деменин, Евгений Евдокимов, Василий Данько, Марина Клещёва, Чингиз Гараев, Ариэль Ласкер"
"Дэдлок","Кейт Бокс, Мадлен Сами, Алисия Гардинер, Нина Ояма, Холли Остин, Том Баллард, Астрид Уэллс Купер, Дункан Феллоуз, Крис МакКвейд, Шон Мартиндейл, Миа Мориссей, Памела Рэйб, Кэти Робертсон, Ник Симпсон-Дикс, Хейден Спенсер, Леони Ваймен, Сьюзи Юссеф, Харви Зилински, Мат Бертон, Мик Дэвис, Лиза Гормли, Стеф Джек, Гарри Рэдбоун, Нед Уорд, Томас Дж. Джейкобс, Дэмиен Гарви, Лин Купер Тан, Стив Бисли, Шери Себбенс, Энтони Шарп, Джордж Пуллар, Женевьева Моррис, Урсула Йович, Сид Брисбейн, Бев Киллик, Никки Бриттон, Энтони Морган"
"Кофе и ваниль","Харука Фукухара, Дори Сакурада, Сёго Хама, Ноа Кита, Марио Куроба, Юки Огоэ"
"Париж подождет","Дайан Лэйн, Арно Вьяр, Алек Болдуин, Элиз Тиельрууа, Элоди Наварр, Серж Бутлерофф, Седрик Монне, Аврора Клеман, Давия Нельсон"
"Второй шанс","Озджан Дениз, Нургюль Ешилчай, Афра Сарачоглу, Айбике Туран, Беррин Арысой Акхасанолу, Фюсун Эрбулак"
"Дуайт в сияющих доспехах","Слоун Морган Сигел, Кэйтлин Кармайкл, Джоэль Маккрэри, Даниэль Бисутти, Ивэн Хофер, Бонита Фридериси, Джошуа Бреслоу, Каноа Гу, Брайан Льюис, Марк Фарли, Эбби Кобб, Кристиан Андерсон, Жасмин Шоу, Дрю Шейд, Эндрю Пифко, Крис Гэнн, Джессика Крэйг, Катрин Лидстоун, Мэттью Патрик Дэвис, Хорхе Е. Родригез, Ники Баггз, Антонио Д. Чарити, Грег Келли, Чейз Андерсон, Эшли Юкер, Брэндон Третьяк Несмит, Леса Уилсон, Альфа Триветт, Дженни Кан, Крис Майерс, Сара Борн, Виктория Костик, Пирс Йоза, Эйдан Александр, Лорен Ревард Гойнс, Ларри Бэгби, Аиша Дюран, Кэнди ВандиЗанди, Жак Бакинхем, Трей Уорнер, Вольтер Колин Консил"
"Одна секунда","Чжан И, Лю Хаоцюнь, Фань Вэй, Юй Айлэй, Чжан Шаобо, Ли Янь, Юй Ян, Лю Юньлун, Чан Хайцзюнь, Цао Жуй"
"Мама в гневе","Ким Хи-сон, Чи Хён-у, Ким Ю-джон, Ко Су-хи, Ким Джи-ён, Чон Гук-хван, Юн Е-джу, Чха Сон-у, Чи Су, Ким Хи-вон, О Юн-а, Пак Су-а, Пак Ён-гю, Ким Гван-гю, Ким Бён-чхун, Со Хи-джон, Пак Кын-хён, Ким Тхэ-хун, Чу Джин-мо, Чан Ю-сан, Кан Сон-мин, Со Джи-хи, Щим Хе-ён, Ли Ю-джу, Хо Дон-вон, Чон Щин-хе, Юн Сан-хун, Вон Док-хён, Пак Хи-джин, Кан Мун-ён"
"Турецкая тетрадь","Владимир Познер, Орхан Памук"
"Грустный день рождения","Ким Е-рим, Хонсок, Ли Сан-джун, Ким И-со, Ким Гёль-ю, Мун Сан-хун, Ли Дон-джу"
"Человек с камерой","Керстен Джонсон, Жак Деррида, Шариф Кирван, Майкл Мур, Дана Абед, Абдул Хендерсон, Роджер Феникс"
"Зажигание","Пак Чон-мин, Ма Дон-сок, Чон Хэ-ин, Ём Джон-а, Чхве Сон-ын, Ким Джон-су, Юн Гён-хо, Ким Гён-док, Ли Хэ-ун, Ко Ду-щим, Сон Хёк, Хон Ин, Ли Су-бин, Хо Джун-сок, Ким Ми-хва, Чо Джэ-ён, Ким Дэ-гон, Пак Сон-иль, Пэк Чу-хи, Ким Джа-ён, Рю Сон-хён, Квон Хёк-пом, Ким Мин-джэ, Пак Хэ-джун, Ю Су-бин, Чо Дэ-хи, Лим Сон-джэ, Сын И-ёль, Пан Ын-джон, Рю Джэ-сын, Чо Хан-джун, Сон Юр-у, Чха У-джин, Кан Док-чун, Чон Бён-ду, Со Мун-хо, Ли Юк-хон, О Джэ-сэ, Сон Сок-пэ, Чон И-ук, Чон И-ук"
"Наживка","Эдвард Роу, Джиллз Кинг, Хлоя Индин, Айзек Вудвайн, Мэри Вудвайн, Саймон Шепард, Жован Джейкобс, Джорджия Эллери, Линн Вейт, Стейси Гатри, Морган Вэл Бэйкер, Кейт Байерс, Тристан Старрок, Майкл Эдди"
"Откровения","Рю Джун-ёль, Щин Хён-бин, Щин Мин-джэ, Хан Джи-хён, Ким Бо-мин, Ким До-ён, Мун Джу-ён, Пэ Юн-гю, О Чхи-ун, У Ган-мин, Чон Ун-джон, Ли Хан-соль, Чу Ин-ён, Ким Мун-хак, Чхве Гван-иль, Ли Сэ-хо, То Ён-гу, Пак Чи-ён, Хон Сок-пин, Хан Сэ-ра, Ли Джу-ён, Ом Джун-ги, О Чхан-гён, Хан Сан-чхоль, Пэк Сон-чхоль, Чхве Хван-и, Щин Ган-гюн, Ко Со-хи"
"В ожидании поезда: Завтра с тобой в 8:23","Юки Ямада, Эидзи Акасо, Мока Камисираиси, Каи Иноваки, Котонэ Фурукава, Дзёитиро Фудзивара, Ватару Хюга, Рин Катаока, Сюто Миядзаки, Аяка Онъиси, Хидэаки Мурата, Юто Икэда, Саяка Ямагути, Сэнто Такэмори, Ариэи Умэфунэ, Сюн Юки, Такако Томи, Яо Сабуро, Синобу Нагао, Сион Эдогава, Нориюки Судзуки, Тэтта Сугимото, Ясуко Мацуюки, Ёсиюки Цубокура, Сюнъя Сираиси, Гоки Маэда, Такаюки Хамацу, Кэнон Хиратани, Аки Гото, Юсукэ Уэхара, Карин Татибана, Мирэи Нисина, Рэн Сиратори, Рина Ниномия, Тацуки Асахина, Дзюънити Такакусаги, Сара Сида, Михо Канадзава, Коэ Одани, Ёко Каваи, Такума Досэн, Мэгуми Маэно, Кэиитиро Хасимото, Эмири Токунага, Эри Тояма, Такэоми Кагами, Эидзи Уэнц, Судзука Ого, Судзюносукэ Танака"
"Забытое чудо","Прохор Чеховской, Анна Хилькевич, Даниил Эльдаров, Владимир Войтюк, Диомид Виноградов, Степан Деревянкин, Сергей Сергеев, Антон Савенков, Светлана Новикова, Иван Литвинов, Иван Забелин, Иван Калинин"
"Долгожданный рассвет","Ребекка Антоначи, Лили Джеймс, Джо Кири, Рэйчел Сеннотт, Альба Рорвахер, Уиллем Дефо, София Паницци, Кармен Поммелла, Джованни Москелла, Энцо Казертано, Микеле Брави, Эрик Александр, Хафтоур Юлиус Бьёднссон, Пол Бохе, Джузеппе Брунетти, Кьяра Кондро, Габриэль Фальсетта, Сильвия Фантони, Марко Гамбино, Антонио Макалузо, Анна Мануэлли, Джулио Марончелли, Микеле Мелега, Мауро Меркатали, Фабиола Морабито, Алексия Мюррэй, Кристина Одассо, Андреа Оттави, Элена Стефануто, Бенжамин Стендер, Франческо Трани, Лоренцо Трани"
"Когда мужчина влюблён","Рой Цзю, Чун Синьлин, Тиффани Сюй, Лань Вэйхуа, Цай Чжэньнань, Пис Ян"
"Maktab","Асал Абдуллаева, Аббас Бахадиров, Бузрук Бахтиёров, Бекзод Абдумаликов, Рано Абдумуталова, Бегзод Батиров, Ахмад Усманов, Бекзод Янгибоев, Акмаль Мирзо, Феруза Сабитова, Мехриддин Рахматов, Зилола Пулатова, Нигора Каримбаева, Ботир Мухаммаджонов, Ислам Каримов, Достон Мамажонов"
"Сен-Пьер","Аллан Хоуко, Жозефин Жобер, Бенц Антуан, Эрика Прево, Жан-Мишель Легаль, Джеймс Пьюрфой, Аеша Мансур, Тамара Подемски, Ванесса Джонсон, Ким Нельсон, Эрик Джонсон, Луиз Питре, Карен ЛеБлан, Демпси Брайк, Эрик Осборн, Джозетт Хорхе, Джереми Рэчфорд, Криста Бриджес, Даниэль Кайнд, Дэвид Хьюлетт, Джинэнн Гуссен, Соня Смитс, Мишка Тебо, Дэна Паддикомб, Кристен Холден-Рид, Питер Аутербридж, Джоэль Томас Хайнс, Сидни Озеров-Мейер, Йен Килбёрн, Бриджет Уэрхем, Зои Магфорд, Бенжамин Блэ, Филип Риччио, Тина Юнг, Кристина Орьяло, Энни Бриггс, Шеймус Паттерсон, Дэррил Хопкинс, Лииса Репо-Мартелл, Сана Асад, Найа Камминс, Кристофер Моррис, Захари Беннетт"
"Все ждут Рождество: Люси против Крампуса","Элла Теста Куск, Петер Сейер Винтер, Мартин Бух, Миа Лине, Николай Коперникус, Ульф Пильгор, Кристиан Халкен, Эйнар Ханс Йенсен, Андерс Бринк Мадсен, Джули Агнете Ванг, Метта Агнета Хорн, Петер Ганцлер, Румле Грюнвольд Фальк, Ханс Хольтегор, Марианн Хэгсбро, Кристиан Фьёрд, Метте Лисдал, Миккел Штуббе Тельбьярг, Джемма Карлсен, Майкл Бьорн Шумер, Магнус Олендорф"
"Маменькин сынок","Бри Уильямсон, Питер ДаКуна, Пол Попович, Себастьян Пижотт, Натали Лисинска, Эллисон Грэхэм, Бриджитт Робинсон, Оден Ларратт, Джейдин Мэлоун, Эдди Гийом, Мэттью Вильнёв, Брайан Стивенсон, Томас Хованец, Лиза Ланглуа, Дэниэл Лавин, Дэниэл Симпсон, Роксанна Бойсверт, Майкл Харви, Элдон Хантер, Кэйтлин Паске"
"Диана Арбенина. Ночные Снайперы-30 лет. Стадион Спартак","Диана Арбенина, Ночные снайперы"
"Птичий короб","Сандра Буллок, Треванте Роудс, Джон Малкович, Сара Полсон, Джеки Уивер, Роза Салазар, Даниэль Макдональд, Лил Рел Ховери, Том Холландер, Колсон Бэйкер, Б.Д. Вонг, Прюитт Тэйлор Винс, Вивьен Лира Блэр, Джулиан Эдвардс, Парминдер К. Награ, Ребекка Пиджон, Эми Гаменик, Тейлор Хэндли, Хэппи Андерсон, Кайл Битти, Эшли Альварадо, Давид Дастмалчян, Кит Джардин, Кристофер Логан, Ширли Батлер, Шэнон Финли, Фрэнк Моттек, Дэнни Макс, Джонатан Чейз, Шери Дэвис, Рик Л. Дин, Фил ДиДженнаро, Сабина Ногич, Тед Холлис, Дэвид Хортон, Дэннис Кейффер, Мэнди Ковальски, Мэтт Леонард, Пол Макмайкл, Аарон О’Брайэн, Дэймон О’Дэниэл, Кара С. Робертс, Холли Трейстер, Кристофер Андервуд, Брэндон Ван Влит"
"На всех парах!","Сантьяго Сегура, Лео Арлем, Алан Миранда, Энеко Отеро, Сирена Сегура, Хавьер Гарсиа, Луна Фульхенсио, Вероника Лопес, Флорентино Фернандес, Хоакин Рейес, Пас Вега, Давид Гуапо, Эва Исанта, Сара Саламо, Марта Гонзалез Де Ла Вега, Хавьер Лосан, Кристина Педроче, Франсиско Кольядо, Маго Мор, Даниэлла Блюме, Гойсальде Нуньес, Антонио Ресинес, Луис Карлос, Хосема Юсте, Альваро Тортоза, Альберто Касадо, Хосе Анхель Баррош, Ициар Кастро, Эдуардо Антунья, Пас Падилья, Сантьяго Урриальде, Хорхе Санс, Диего Арроба, Борис Исагирре, PlayCacao"
"Маленькая страна","Жан-Поль Рув, Изабелль Кабано, Джибриль Ванкоппенолль, Дайла Де Медина, Тао Монладжа, Рубен Руханамилинди, Брайан Гакваву, Кенни Хуббавайв, Нельсон Мембе, Вероника Варга, Бенни Бумако, Жан-Пьер Гос, Джон Бинийе, Шерил Ишеджа"
"Опекунство","Леа Дрюкер, Дени Меноше, Тома Жория, Флоранс Янас, Саадиа Бентайеб, Корали Руссье, Софи Пинсемелль, Эмили Инсерти-Форментини, Жером Кэа Оланьи, Женни Белле, Мартин Вандевиль, Жан-Мари Винлин, Мартин Шамбахер, Жан-Клод Легэ, Жюльен Лукас, Анна-Гаэль Журден, Ален Аливон, Лорен Моро, Лола Фрише, Шарли Баллалуд"
"Побег из Москвабада","Мария Машкова, Никита Панфилов, Микаел Джанибекян, Джавахир Закиров, Александр Гришин, Екатерина Соломатина, Анастасия Бусыгина, Андрей Фролов, Кирилл Кяро, Камилла Мухлисова, Ольга Вяземская, Антон Афанасьев, Андрей Заводюк, Ольга Вяликова, Сергей Волобуев, Анастасия Савосина, Евгений Чупин, Иван Деменин"
"Лео","Виджай, Триша Кришнан, Санджай Датт, Арджун, Гаутхам Васудев Менон, Прия Ананд, Анураг Кашьяп, Мадонна Себастиан, Мышкин, Сэнди Мастер, Джанани Кунасилан, Бабу Энтони, Джордж Марьян, Мансур Али Кхан, Мэтью Томас, Дензил Смит, Динеш, Мадхусудхан Рао, Мая С. Кришнан, Рамакришнан, Лила Самсон, Мухтар Кхан, Динеш Ламба, Вайяпури, Камал Хаасан"
"Мария до Каллас","Фанни Ардан, Джойс ДиДонато, Мария Каллас, Дэвид Фрост, Эдвард Р. Марроу, Эльвира де Идальго, Рудольф Бинг, Аристотель Онассис, Жаклин Кеннеди, Пьер Паоло Пазолини, Омар Шариф, Барбара Уолтерс, Брижит Бардо, Жан Кокто, Витторио Де Сика, Катрин Денёв, Уоллис Симпсон, Король Эдуард VIII, Антонио, Грейс Келли, Анна Маньяни, Королева Елизавета II, Королева Елизавета, Лукино Висконти"
"18 килогерц","Мусахан Жумаханов, Алибек Адикен, Камила Фун-Со, Роман Жуков, Махаббат Саркытпаева"
"Сальса","Алёна Бабенко, Борис Хвошнянский, Павел Делонг, Диана Эстрада, Ангелина Стречина, Марта Кесслер, Валерий Афанасьев, Артемий Падалка, Кирилл Дубровицкий, Вилен Бабичев, Александр Семчев, Антон Лаврентьев, Артём Ешкин, Анна Ардова, Даниил Воробьев, Светлана Тимофеева-Летуновская, Александр Ратников, Татьяна Казючиц, Елена Полякова, Лариса Домаскина, Елена Морозова, Сергей Беляев, Станислав Костецкий, Надежда Бутырцева, Мария Кац, Павел Хрулев, Наталья Рожкова, Руслан Джайбеков, Антон Фёдоров, Анастасия Серова, Андрей Курилов, Сергей Фишер, Игорь Ромащенко, Юрий Пономаренко, Андрей Абросимов, Андрей Стоянов, Виталий Егоров, Назир Жуков, Андрей Снежко, Денис Суханов, Алина Ольшанская, Лев Семашков, Максим Калужских, Анастасия Сорокина, Антон Афанасьев, Георгий Тополага, Наталья Гнеушева, Павел Мисаилов, Александр Штендлер, Максим Линников"
"Театральный лагерь","Бен Платт, Молли Гордон, Ноа Гэлвин, Джимми Татро, Кэролайн Аарон, Айо Эдебири, Нэйтан Ли Грэм, Оуэн Тиле, Эми Седарис, Патти Харрисон"
"Очень секретная служба","Юго Бекер, Вильфред Бенаиш, Кристоф Курочкин, Карим Баррас, Бруно Павио, Жан-Эдуард Бодзяк, Мари-Жюли Бо, Матильда Варнье, Антуан Гуи, Жюли Фаренс, Стефани Фату, Жозефин де ла Буме, Кловис Фуан, Халид Маадур, Аксель Симон, Джеральд Папасян, Филипп Резимон, Ксавье Обер, Батист Сорнен, Бен Хамиду, Дэвид Квертиньез, Джули Маес, Стив Дрисен, Эгон Ди Матео, Роберто Ганьи, Летиция Шамбон, Хелена Шамбон, Оливье Массар, Нора Леэмбре, Ян Туряк, Жаки Друо, Мари Ленуар, Жан-Филипп Лежён, Жюльен Сибре, Луиз Де Вилле"
"Бешеный бык","Ма Дон-сок, Сон Джи-хё, Ким Сон-о, Ким Мин-джэ, Пак Чи-хван, Ли Сон-у, Пэ Ну-ри, Пак Чи-хун, Чон Ин-ги, Лим Хён-джун, Чон Хэ-гюн, Ким Вон-хэ, Чан Хёк-чин, Чхве Хон-иль, Пак Кван-джэ, Сон Ган-гук, Чон Ин-нён, Пэ Джин-ун, Чхон Сон-мун, Пэ Джин-а, Хон И-джу, Ким Су-джин, Пак Чхэ-ик, Ок Чу-ри, Чин Мо, Ким Гон-хо, Лим Иль-гю, Щим Со-ён, Ли До-гун, Кым Гван-сан, Хван Джэ-ёль"
"Коготь из Мавритании 2","Марина Коняшкина, Сергей Галахов, Сергей Жарков, Илья Древнов, Людмила Чурсина, Константин Чепурин, Сергей Петров, Дмитрий Чеботарёв, Игорь Макаров, Иван Прилль, Мария Хлопецкая, Михаил Мартьянов, Марина Коломина, Павел Костик, Анатолий Наряднов, Александр Макаршин, Елизавета Потапова"
